16907,0.0012704988042364195,(1988)
8010,0.001227792962077212,(1997)
6159,0.0011850871199180048,(2010)
34587,0.0009074991458831568,(2010)
9192,0.0008754697642637513,(1999)
20956,0.0008754697642637513,(1991)
16736,0.000822087461564742,(2011)
30200,0.000822087461564742,(2012)
20928,0.0008007345404851384,(1991)
19759,0.0007687051588657328,(2007)
39600,0.0007153228561667236,(2007)
19593,0.0007153228561667236,(1992)
8511,0.0006832934745473181,(2010)
37185,0.0006832934745473181,(2011)
7401,0.0006299111718483088,(1998)
16864,0.0006299111718483088,(1988)
33443,0.000619234711308507,(2003)
34609,0.000619234711308507,(2010)
3745,0.0005978817902289033,(2012)
12205,0.0005978817902289033,(2001)
11625,0.0005765288691492996,(2006)
12927,0.0005765288691492996,(2009)
8990,0.000555175948069696,(2007)
29462,0.0005444994875298941,(1979)
35355,0.0005338230269900922,(2010)
30686,0.0005231465664502904,(2005)
4655,0.0005124701059104886,(2005)
13238,0.0004911171848308849,(2009)
7322,0.0004911171848308849,(2001)
19103,0.0004911171848308849,(2005)
34606,0.0004911171848308849,(2010)
10683,0.000480440724291083,(2008)
12419,0.000480440724291083,(2009)
15358,0.000480440724291083,(2000)
30328,0.000480440724291083,(2013)
33367,0.000480440724291083,(2003)
10950,0.0004590878032114793,(2010)
1049,0.0004484113426716775,(2012)
19118,0.0004484113426716775,(2010)
22168,0.0004484113426716775,(2012)
18149,0.0004270584215920738,(2008)
36041,0.0004270584215920738,(1999)
34916,0.0003843525794328664,(2015)
14059,0.0003736761188930646,(2010)
20510,0.0003629996583532627,(2009)
6325,0.00034164673727365904,(1992)
15667,0.00034164673727365904,(2011)
6130,0.00033097027673385717,(2010)
13823,0.00033097027673385717,(1974)
17871,0.00033097027673385717,(1987)
26681,0.00033097027673385717,(2009)
2774,0.00033097027673385717,(2008)
16809,0.00032029381619405535,(2009)
37206,0.00032029381619405535,(2004)
15395,0.0003096173556542535,(2000)
11636,0.00029894089511445167,(1988)
11898,0.00029894089511445167,(2004)
7257,0.00029894089511445167,(2005)
23681,0.00029894089511445167,(2012)
27337,0.00029894089511445167,(2012)
12433,0.0002882644345746498,(1992)
37972,0.000277587974034848,(1993)
3146,0.000277587974034848,(2001)
37932,0.0002669115134950461,(2011)
9153,0.0002669115134950461,(1993)
10694,0.0002669115134950461,(2011)
15375,0.0002669115134950461,(2009)
19699,0.0002669115134950461,(2007)
31006,0.0002669115134950461,(2011)
21933,0.0002562350529552443,(2004)
27340,0.0002562350529552443,(2012)
32076,0.0002562350529552443,(2002)
9189,0.00024555859241544244,(2008)
6158,0.00024555859241544244,(2010)
19720,0.00024555859241544244,(1981)
26680,0.00024555859241544244,(2006)
30255,0.00024555859241544244,(2012)
35354,0.00024555859241544244,(2010)
14195,0.0002348821318756406,(2010)
14354,0.0002348821318756406,(2005)
16886,0.0002348821318756406,(2008)
18886,0.0002348821318756406,(1997)
28725,0.0002348821318756406,(1996)
30187,0.0002348821318756406,(2011)
35350,0.0002348821318756406,(2010)
16788,0.00022420567133583875,(2003)
22765,0.00022420567133583875,(2012)
31586,0.00022420567133583875,(2009)
32282,0.00022420567133583875,(1992)
34103,0.00022420567133583875,(2012)
36519,0.00022420567133583875,(2002)
39348,0.0002135292107960369,(1991)
39603,0.0002135292107960369,(2009)
11039,0.0002135292107960369,(2012)
26311,0.0002135292107960369,(1978)
33341,0.0002135292107960369,(2011)
11019,0.00020285275025623504,(2010)
7285,0.00020285275025623504,(2011)
20497,0.00020285275025623504,(2009)
28332,0.00020285275025623504,(2003)
38468,0.0001921762897164332,(2010)
9141,0.0001921762897164332,(1991)
12656,0.0001921762897164332,(2010)
30683,0.0001921762897164332,(2008)
34466,0.0001921762897164332,(2010)
36939,0.0001921762897164332,(2009)
3711,0.00018149982917663136,(2012)
3724,0.00018149982917663136,(2012)
8978,0.00018149982917663136,(2014)
10701,0.00018149982917663136,(2011)
10705,0.00018149982917663136,(2010)
6286,0.00018149982917663136,(1995)
20401,0.00018149982917663136,(2006)
20939,0.00018149982917663136,(2011)
28724,0.00018149982917663136,(2009)
34842,0.00018149982917663136,(2011)
8997,0.00017082336863682952,(2014)
39957,0.00017082336863682952,(1990)
10682,0.00017082336863682952,(2005)
6125,0.00017082336863682952,(2010)
12929,0.00017082336863682952,(2009)
16516,0.00017082336863682952,(2003)
16714,0.00017082336863682952,(2012)
20105,0.00017082336863682952,(2012)
21928,0.00017082336863682952,(1995)
26706,0.00017082336863682952,(2009)
8635,0.00016014690809702768,(2001)
8966,0.00016014690809702768,(2014)
10356,0.00016014690809702768,(2006)
10702,0.00016014690809702768,(2005)
5461,0.00016014690809702768,(1981)
7267,0.00016014690809702768,(2009)
16729,0.00016014690809702768,(2012)
17875,0.00016014690809702768,(1987)
1799,0.00016014690809702768,(2010)
19748,0.00016014690809702768,(1990)
19984,0.00016014690809702768,(1981)
19993,0.00016014690809702768,(1985)
20629,0.00016014690809702768,(1997)
20651,0.00016014690809702768,(1997)
25378,0.00016014690809702768,(2010)
26330,0.00016014690809702768,(2010)
29014,0.00016014690809702768,(2007)
31574,0.00016014690809702768,(2009)
36032,0.00016014690809702768,(2008)
8612,0.00014947044755722584,(2004)
38537,0.00014947044755722584,(2010)
16727,0.00014947044755722584,(2010)
18169,0.00014947044755722584,(2008)
19710,0.00014947044755722584,(2002)
21915,0.00014947044755722584,(1995)
27142,0.00014947044755722584,(2011)
2773,0.00014947044755722584,(2005)
31488,0.00014947044755722584,(2014)
31751,0.00014947044755722584,(2012)
32089,0.00014947044755722584,(2007)
33082,0.00014947044755722584,(2004)
33437,0.00014947044755722584,(2015)
36064,0.00014947044755722584,(1994)
8962,0.000138793987017424,(2014)
9238,0.000138793987017424,(2013)
10716,0.000138793987017424,(2008)
11515,0.000138793987017424,(2010)
5441,0.000138793987017424,(1981)
12197,0.000138793987017424,(1999)
5670,0.000138793987017424,(2006)
13737,0.000138793987017424,(2009)
15362,0.000138793987017424,(2009)
16735,0.000138793987017424,(2012)
16813,0.000138793987017424,(2010)
169,0.000138793987017424,(2010)
18161,0.000138793987017424,(2008)
19071,0.000138793987017424,(2011)
19639,0.000138793987017424,(1988)
19781,0.000138793987017424,(1984)
20375,0.000138793987017424,(2006)
1926,0.000138793987017424,(2007)
24727,0.000138793987017424,(2004)
25026,0.000138793987017424,(2011)
26090,0.000138793987017424,(2011)
2454,0.000138793987017424,(2007)
2479,0.000138793987017424,(2007)
26701,0.000138793987017424,(2009)
32258,0.000138793987017424,(1992)
32950,0.000138793987017424,(1999)
35042,0.000138793987017424,(2011)
35391,0.000138793987017424,(2003)
37940,0.00012811752647762215,(2005)
9094,0.00012811752647762215,(1987)
39490,0.00012811752647762215,(2003)
10217,0.00012811752647762215,(2009)
4249,0.00012811752647762215,(2009)
559,0.00012811752647762215,(2005)
13733,0.00012811752647762215,(2009)
7254,0.00012811752647762215,(1997)
7272,0.00012811752647762215,(2007)
7329,0.00012811752647762215,(2001)
19641,0.00012811752647762215,(1988)
19718,0.00012811752647762215,(1996)
20479,0.00012811752647762215,(1997)
21397,0.00012811752647762215,(1993)
21414,0.00012811752647762215,(1989)
26034,0.00012811752647762215,(2005)
2516,0.00012811752647762215,(2010)
26916,0.00012811752647762215,(2008)
27137,0.00012811752647762215,(2011)
33121,0.00012811752647762215,(2012)
34500,0.00012811752647762215,(1980)
35359,0.00012811752647762215,(2010)
36933,0.00012811752647762215,(2009)
37054,0.00012811752647762215,(1998)
9621,0.0001174410659378203,(1982)
638,0.0001174410659378203,(2010)
5036,0.0001174410659378203,(2000)
12446,0.0001174410659378203,(1992)
12869,0.0001174410659378203,(2012)
13202,0.0001174410659378203,(2010)
6702,0.0001174410659378203,(2011)
7294,0.0001174410659378203,(2005)
7384,0.0001174410659378203,(2007)
15398,0.0001174410659378203,(2000)
15693,0.0001174410659378203,(2011)
18551,0.0001174410659378203,(2012)
18878,0.0001174410659378203,(2000)
19291,0.0001174410659378203,(2008)
19680,0.0001174410659378203,(2002)
19694,0.0001174410659378203,(1988)
20089,0.0001174410659378203,(1975)
20394,0.0001174410659378203,(2006)
20489,0.0001174410659378203,(2009)
21892,0.0001174410659378203,(2004)
27508,0.0001174410659378203,(2009)
28238,0.0001174410659378203,(2012)
29044,0.0001174410659378203,(2011)
32914,0.0001174410659378203,(1995)
3231,0.0001174410659378203,(1999)
34907,0.0001174410659378203,(2009)
35210,0.0001174410659378203,(2007)
35385,0.0001174410659378203,(2007)
35554,0.0001174410659378203,(2013)
38905,0.00010676460539801846,(2006)
39396,0.00010676460539801846,(1997)
39883,0.00010676460539801846,(2010)
5314,0.00010676460539801846,(2017)
12621,0.00010676460539801846,(2012)
7277,0.00010676460539801846,(2011)
8007,0.00010676460539801846,(1997)
15290,0.00010676460539801846,(2008)
16497,0.00010676460539801846,(2010)
16569,0.00010676460539801846,(2009)
17909,0.00010676460539801846,(1987)
18139,0.00010676460539801846,(2008)
18867,0.00010676460539801846,(2010)
19339,0.00010676460539801846,(2009)
19664,0.00010676460539801846,(1979)
19677,0.00010676460539801846,(1981)
1890,0.00010676460539801846,(1980)
20092,0.00010676460539801846,(1973)
20094,0.00010676460539801846,(1975)
1912,0.00010676460539801846,(1974)
21917,0.00010676460539801846,(2009)
24992,0.00010676460539801846,(2004)
25386,0.00010676460539801846,(2010)
26606,0.00010676460539801846,(2010)
2724,0.00010676460539801846,(2010)
31750,0.00010676460539801846,(2012)
32006,0.00010676460539801846,(2007)
32930,0.00010676460539801846,(1994)
34496,0.00010676460539801846,(1980)
35215,0.00010676460539801846,(2007)
36038,0.00010676460539801846,(2008)
36801,0.00010676460539801846,(2000)
36928,0.00010676460539801846,(2009)
37069,0.00010676460539801846,(1998)
8657,9.60881448582166e-05,(2001)
38532,9.60881448582166e-05,(2010)
9110,9.60881448582166e-05,(1987)
3891,9.60881448582166e-05,(2008)
11721,9.60881448582166e-05,(2002)
5221,9.60881448582166e-05,(2013)
12261,9.60881448582166e-05,(1999)
12629,9.60881448582166e-05,(2012)
6696,9.60881448582166e-05,(2006)
14005,9.60881448582166e-05,(2011)
7326,9.60881448582166e-05,(1995)
7358,9.60881448582166e-05,(2011)
7359,9.60881448582166e-05,(1999)
7422,9.60881448582166e-05,(2007)
7604,9.60881448582166e-05,(2007)
16145,9.60881448582166e-05,(2009)
16717,9.60881448582166e-05,(2012)
1766,9.60881448582166e-05,(1987)
18150,9.60881448582166e-05,(2010)
18807,9.60881448582166e-05,(2012)
18830,9.60881448582166e-05,(1997)
19293,9.60881448582166e-05,(2008)
19297,9.60881448582166e-05,(2008)
19679,9.60881448582166e-05,(1988)
20865,9.60881448582166e-05,(1991)
21030,9.60881448582166e-05,(1995)
21093,9.60881448582166e-05,(2011)
21103,9.60881448582166e-05,(2008)
22627,9.60881448582166e-05,(2011)
23529,9.60881448582166e-05,(2015)
23624,9.60881448582166e-05,(2013)
25013,9.60881448582166e-05,(2003)
26035,9.60881448582166e-05,(2003)
26343,9.60881448582166e-05,(1978)
26699,9.60881448582166e-05,(2009)
27159,9.60881448582166e-05,(2003)
27492,9.60881448582166e-05,(2004)
28655,9.60881448582166e-05,(1996)
29018,9.60881448582166e-05,(2011)
29037,9.60881448582166e-05,(2011)
30691,9.60881448582166e-05,(2008)
2803,9.60881448582166e-05,(2002)
33967,9.60881448582166e-05,(2009)
34967,9.60881448582166e-05,(2008)
35387,9.60881448582166e-05,(2005)
35895,9.60881448582166e-05,(2007)
36525,9.60881448582166e-05,(2002)
37153,9.60881448582166e-05,(2011)
8513,8.541168431841476e-05,(2010)
38531,8.541168431841476e-05,(2010)
9184,8.541168431841476e-05,(1985)
9388,8.541168431841476e-05,(2010)
3862,8.541168431841476e-05,(2008)
39528,8.541168431841476e-05,(2009)
10695,8.541168431841476e-05,(2005)
10729,8.541168431841476e-05,(2005)
4251,8.541168431841476e-05,(2009)
12244,8.541168431841476e-05,(2010)
12427,8.541168431841476e-05,(2009)
6033,8.541168431841476e-05,(2010)
6145,8.541168431841476e-05,(2010)
6349,8.541168431841476e-05,(1992)
13240,8.541168431841476e-05,(2004)
13734,8.541168431841476e-05,(2009)
13987,8.541168431841476e-05,(2011)
7346,8.541168431841476e-05,(2010)
7360,8.541168431841476e-05,(2010)
7396,8.541168431841476e-05,(2009)
1370,8.541168431841476e-05,(2010)
1394,8.541168431841476e-05,(2012)
15390,8.541168431841476e-05,(2007)
15856,8.541168431841476e-05,(2010)
16090,8.541168431841476e-05,(2009)
1740,8.541168431841476e-05,(1998)
17824,8.541168431841476e-05,(1989)
18135,8.541168431841476e-05,(2014)
18855,8.541168431841476e-05,(2010)
18946,8.541168431841476e-05,(2006)
19091,8.541168431841476e-05,(2006)
19257,8.541168431841476e-05,(2012)
19332,8.541168431841476e-05,(2007)
19632,8.541168431841476e-05,(1986)
19737,8.541168431841476e-05,(1979)
19784,8.541168431841476e-05,(1982)
1863,8.541168431841476e-05,(1988)
1887,8.541168431841476e-05,(1976)
20513,8.541168431841476e-05,(2003)
21084,8.541168431841476e-05,(2008)
21412,8.541168431841476e-05,(1992)
21896,8.541168431841476e-05,(2009)
21931,8.541168431841476e-05,(2009)
21969,8.541168431841476e-05,(1987)
22157,8.541168431841476e-05,(2014)
23623,8.541168431841476e-05,(2010)
23897,8.541168431841476e-05,(2011)
25664,8.541168431841476e-05,(2012)
2448,8.541168431841476e-05,(2007)
26317,8.541168431841476e-05,(2006)
26685,8.541168431841476e-05,(2009)
26747,8.541168431841476e-05,(2010)
27103,8.541168431841476e-05,(2009)
27347,8.541168431841476e-05,(2012)
28246,8.541168431841476e-05,(2012)
28248,8.541168431841476e-05,(2012)
31023,8.541168431841476e-05,(2011)
31079,8.541168431841476e-05,(2011)
31492,8.541168431841476e-05,(2014)
31712,8.541168431841476e-05,(2012)
31739,8.541168431841476e-05,(2012)
31748,8.541168431841476e-05,(2012)
32917,8.541168431841476e-05,(1994)
32923,8.541168431841476e-05,(2010)
32955,8.541168431841476e-05,(1995)
33465,8.541168431841476e-05,(2007)
34960,8.541168431841476e-05,(2008)
35362,8.541168431841476e-05,(2010)
35388,8.541168431841476e-05,(2005)
35870,8.541168431841476e-05,(2002)
36069,8.541168431841476e-05,(1999)
36130,8.541168431841476e-05,(2013)
3527,8.541168431841476e-05,(2010)
37166,8.541168431841476e-05,(2004)
37200,8.541168431841476e-05,(2004)
8652,7.473522377861292e-05,(2008)
3755,7.473522377861292e-05,(2012)
8939,7.473522377861292e-05,(2005)
8960,7.473522377861292e-05,(2005)
9099,7.473522377861292e-05,(1987)
9154,7.473522377861292e-05,(2005)
9705,7.473522377861292e-05,(1982)
39313,7.473522377861292e-05,(1986)
39766,7.473522377861292e-05,(2010)
4702,7.473522377861292e-05,(2012)
5232,7.473522377861292e-05,(2013)
5238,7.473522377861292e-05,(2009)
5456,7.473522377861292e-05,(1983)
5466,7.473522377861292e-05,(1982)
6001,7.473522377861292e-05,(2010)
6274,7.473522377861292e-05,(1993)
13289,7.473522377861292e-05,(2010)
13943,7.473522377861292e-05,(1974)
7362,7.473522377861292e-05,(2007)
15850,7.473522377861292e-05,(2010)
16483,7.473522377861292e-05,(2003)
16496,7.473522377861292e-05,(2005)
16683,7.473522377861292e-05,(2012)
16760,7.473522377861292e-05,(2010)
16815,7.473522377861292e-05,(2010)
17408,7.473522377861292e-05,(2010)
1760,7.473522377861292e-05,(1990)
18843,7.473522377861292e-05,(1997)
19098,7.473522377861292e-05,(2005)
19295,7.473522377861292e-05,(2008)
19328,7.473522377861292e-05,(2009)
19793,7.473522377861292e-05,(1982)
19979,7.473522377861292e-05,(1985)
20376,7.473522377861292e-05,(2006)
20402,7.473522377861292e-05,(2006)
21067,7.473522377861292e-05,(1995)
22050,7.473522377861292e-05,(1993)
22466,7.473522377861292e-05,(2008)
22986,7.473522377861292e-05,(2013)
23291,7.473522377861292e-05,(2013)
23533,7.473522377861292e-05,(2012)
23588,7.473522377861292e-05,(2012)
23896,7.473522377861292e-05,(2011)
25044,7.473522377861292e-05,(2013)
26305,7.473522377861292e-05,(2006)
26703,7.473522377861292e-05,(2006)
27146,7.473522377861292e-05,(2003)
27506,7.473522377861292e-05,(2004)
27757,7.473522377861292e-05,(2005)
28413,7.473522377861292e-05,(2003)
29506,7.473522377861292e-05,(1979)
29511,7.473522377861292e-05,(2000)
30222,7.473522377861292e-05,(1998)
30678,7.473522377861292e-05,(2005)
2713,7.473522377861292e-05,(2009)
31486,7.473522377861292e-05,(2014)
32032,7.473522377861292e-05,(2001)
32259,7.473522377861292e-05,(1984)
32274,7.473522377861292e-05,(1992)
2953,7.473522377861292e-05,(2009)
32333,7.473522377861292e-05,(1992)
3094,7.473522377861292e-05,(2001)
33547,7.473522377861292e-05,(2011)
3167,7.473522377861292e-05,(2011)
34918,7.473522377861292e-05,(2015)
34961,7.473522377861292e-05,(2010)
35050,7.473522377861292e-05,(2011)
35364,7.473522377861292e-05,(2007)
35552,7.473522377861292e-05,(2013)
37171,7.473522377861292e-05,(1987)
37946,6.405876323881108e-05,(2005)
8611,6.405876323881108e-05,(2004)
8628,6.405876323881108e-05,(1997)
8651,6.405876323881108e-05,(1997)
8654,6.405876323881108e-05,(1997)
3730,6.405876323881108e-05,(2012)
8935,6.405876323881108e-05,(2005)
8949,6.405876323881108e-05,(2010)
9135,6.405876323881108e-05,(1993)
9198,6.405876323881108e-05,(2005)
38732,6.405876323881108e-05,(2010)
3847,6.405876323881108e-05,(2008)
9618,6.405876323881108e-05,(1986)
39307,6.405876323881108e-05,(1995)
1047,6.405876323881108e-05,(2012)
1050,6.405876323881108e-05,(2012)
39478,6.405876323881108e-05,(2012)
39663,6.405876323881108e-05,(2007)
39678,6.405876323881108e-05,(1994)
39942,6.405876323881108e-05,(1995)
10684,6.405876323881108e-05,(2005)
10691,6.405876323881108e-05,(2007)
10699,6.405876323881108e-05,(2005)
10750,6.405876323881108e-05,(2005)
11134,6.405876323881108e-05,(2006)
4669,6.405876323881108e-05,(2005)
11353,6.405876323881108e-05,(2010)
11912,6.405876323881108e-05,(2004)
12211,6.405876323881108e-05,(2001)
12216,6.405876323881108e-05,(1999)
12255,6.405876323881108e-05,(2004)
5673,6.405876323881108e-05,(2006)
12408,6.405876323881108e-05,(1992)
12635,6.405876323881108e-05,(2012)
6155,6.405876323881108e-05,(2010)
6331,6.405876323881108e-05,(1993)
13188,6.405876323881108e-05,(2009)
13216,6.405876323881108e-05,(2013)
6662,6.405876323881108e-05,(2008)
13334,6.405876323881108e-05,(2004)
6794,6.405876323881108e-05,(2011)
13863,6.405876323881108e-05,(1975)
7293,6.405876323881108e-05,(2012)
7312,6.405876323881108e-05,(1999)
7572,6.405876323881108e-05,(2007)
7623,6.405876323881108e-05,(2007)
15549,6.405876323881108e-05,(1978)
15551,6.405876323881108e-05,(1978)
15847,6.405876323881108e-05,(2010)
16534,6.405876323881108e-05,(2010)
16562,6.405876323881108e-05,(2010)
16579,6.405876323881108e-05,(2005)
16587,6.405876323881108e-05,(2003)
16858,6.405876323881108e-05,(2003)
18140,6.405876323881108e-05,(2010)
18508,6.405876323881108e-05,(2012)
18728,6.405876323881108e-05,(2010)
18817,6.405876323881108e-05,(2010)
18871,6.405876323881108e-05,(2010)
18932,6.405876323881108e-05,(2006)
19106,6.405876323881108e-05,(2011)
1836,6.405876323881108e-05,(1990)
19260,6.405876323881108e-05,(2012)
19333,6.405876323881108e-05,(2011)
19346,6.405876323881108e-05,(2011)
19350,6.405876323881108e-05,(2007)
19494,6.405876323881108e-05,(2007)
19575,6.405876323881108e-05,(1990)
19585,6.405876323881108e-05,(1984)
19756,6.405876323881108e-05,(1990)
19771,6.405876323881108e-05,(1990)
1876,6.405876323881108e-05,(1990)
20017,6.405876323881108e-05,(1980)
1908,6.405876323881108e-05,(1984)
20504,6.405876323881108e-05,(1997)
20614,6.405876323881108e-05,(2009)
20630,6.405876323881108e-05,(2005)
21948,6.405876323881108e-05,(1980)
22030,6.405876323881108e-05,(1980)
22142,6.405876323881108e-05,(2011)
22153,6.405876323881108e-05,(2014)
22158,6.405876323881108e-05,(2014)
22982,6.405876323881108e-05,(2013)
23518,6.405876323881108e-05,(2015)
23534,6.405876323881108e-05,(2012)
23680,6.405876323881108e-05,(2012)
24862,6.405876323881108e-05,(2000)
24996,6.405876323881108e-05,(2009)
25030,6.405876323881108e-05,(2006)
25571,6.405876323881108e-05,(2006)
2451,6.405876323881108e-05,(2002)
26405,6.405876323881108e-05,(2009)
26435,6.405876323881108e-05,(1979)
26437,6.405876323881108e-05,(1979)
26584,6.405876323881108e-05,(2010)
2490,6.405876323881108e-05,(1998)
26920,6.405876323881108e-05,(2004)
27104,6.405876323881108e-05,(2003)
27117,6.405876323881108e-05,(2002)
27121,6.405876323881108e-05,(2009)
27127,6.405876323881108e-05,(2003)
27163,6.405876323881108e-05,(2011)
28351,6.405876323881108e-05,(1999)
29013,6.405876323881108e-05,(2006)
29049,6.405876323881108e-05,(2007)
29747,6.405876323881108e-05,(1983)
29763,6.405876323881108e-05,(1983)
30006,6.405876323881108e-05,(1983)
30249,6.405876323881108e-05,(2012)
2783,6.405876323881108e-05,(2002)
31590,6.405876323881108e-05,(2010)
32028,6.405876323881108e-05,(2007)
32823,6.405876323881108e-05,(2010)
32874,6.405876323881108e-05,(2008)
32937,6.405876323881108e-05,(2003)
33056,6.405876323881108e-05,(2004)
33076,6.405876323881108e-05,(2011)
33098,6.405876323881108e-05,(2004)
3156,6.405876323881108e-05,(2001)
34498,6.405876323881108e-05,(1980)
34736,6.405876323881108e-05,(2006)
34737,6.405876323881108e-05,(2007)
34742,6.405876323881108e-05,(2007)
35207,6.405876323881108e-05,(1999)
35219,6.405876323881108e-05,(1999)
35878,6.405876323881108e-05,(2005)
37937,5.338230269900923e-05,(2011)
929,5.338230269900923e-05,(2010)
8485,5.338230269900923e-05,(2010)
8953,5.338230269900923e-05,(2014)
38519,5.338230269900923e-05,(2010)
38542,5.338230269900923e-05,(2008)
9122,5.338230269900923e-05,(1993)
9123,5.338230269900923e-05,(2003)
38693,5.338230269900923e-05,(2004)
3873,5.338230269900923e-05,(2008)
39095,5.338230269900923e-05,(2011)
39366,5.338230269900923e-05,(1995)
39371,5.338230269900923e-05,(1986)
39375,5.338230269900923e-05,(1997)
39453,5.338230269900923e-05,(2012)
39469,5.338230269900923e-05,(2012)
10085,5.338230269900923e-05,(2016)
39729,5.338230269900923e-05,(2010)
10239,5.338230269900923e-05,(2011)
10352,5.338230269900923e-05,(2004)
39892,5.338230269900923e-05,(1997)
39913,5.338230269900923e-05,(1995)
39917,5.338230269900923e-05,(1988)
39925,5.338230269900923e-05,(1995)
39958,5.338230269900923e-05,(2010)
11371,5.338230269900923e-05,(2010)
645,5.338230269900923e-05,(2010)
683,5.338230269900923e-05,(2010)
5031,5.338230269900923e-05,(2000)
5073,5.338230269900923e-05,(2012)
12200,5.338230269900923e-05,(2004)
5696,5.338230269900923e-05,(2005)
12396,5.338230269900923e-05,(2013)
12624,5.338230269900923e-05,(2012)
12632,5.338230269900923e-05,(2012)
6121,5.338230269900923e-05,(2010)
6156,5.338230269900923e-05,(2010)
12919,5.338230269900923e-05,(2009)
6534,5.338230269900923e-05,(2012)
6535,5.338230269900923e-05,(2012)
13262,5.338230269900923e-05,(2010)
7248,5.338230269900923e-05,(2007)
7256,5.338230269900923e-05,(1997)
7353,5.338230269900923e-05,(1999)
7379,5.338230269900923e-05,(2003)
8016,5.338230269900923e-05,(1997)
1493,5.338230269900923e-05,(2013)
15557,5.338230269900923e-05,(1978)
15558,5.338230269900923e-05,(1985)
15846,5.338230269900923e-05,(2010)
15854,5.338230269900923e-05,(2010)
15958,5.338230269900923e-05,(2010)
16092,5.338230269900923e-05,(2009)
16095,5.338230269900923e-05,(2009)
16492,5.338230269900923e-05,(1997)
16531,5.338230269900923e-05,(1997)
16703,5.338230269900923e-05,(2011)
16765,5.338230269900923e-05,(2003)
16866,5.338230269900923e-05,(1988)
17101,5.338230269900923e-05,(2000)
17889,5.338230269900923e-05,(1987)
18538,5.338230269900923e-05,(2012)
18839,5.338230269900923e-05,(2010)
1787,5.338230269900923e-05,(1985)
19064,5.338230269900923e-05,(2006)
19073,5.338230269900923e-05,(2011)
19102,5.338230269900923e-05,(2006)
19340,5.338230269900923e-05,(2007)
19349,5.338230269900923e-05,(2009)
19758,5.338230269900923e-05,(1978)
19783,5.338230269900923e-05,(1992)
1870,5.338230269900923e-05,(1993)
1894,5.338230269900923e-05,(1984)
20073,5.338230269900923e-05,(1975)
20111,5.338230269900923e-05,(2012)
20381,5.338230269900923e-05,(2008)
20384,5.338230269900923e-05,(2008)
20440,5.338230269900923e-05,(1995)
20470,5.338230269900923e-05,(2003)
21417,5.338230269900923e-05,(1992)
21882,5.338230269900923e-05,(2009)
22473,5.338230269900923e-05,(2008)
22499,5.338230269900923e-05,(2008)
23522,5.338230269900923e-05,(2015)
23528,5.338230269900923e-05,(2012)
23582,5.338230269900923e-05,(2012)
2165,5.338230269900923e-05,(2012)
24308,5.338230269900923e-05,(2013)
24311,5.338230269900923e-05,(2013)
24740,5.338230269900923e-05,(2000)
24984,5.338230269900923e-05,(2006)
25671,5.338230269900923e-05,(2008)
25676,5.338230269900923e-05,(2001)
26011,5.338230269900923e-05,(2003)
26040,5.338230269900923e-05,(2009)
2449,5.338230269900923e-05,(2002)
26310,5.338230269900923e-05,(2010)
26325,5.338230269900923e-05,(2010)
2474,5.338230269900923e-05,(1998)
2480,5.338230269900923e-05,(1998)
26436,5.338230269900923e-05,(1979)
26571,5.338230269900923e-05,(2010)
2497,5.338230269900923e-05,(2007)
2513,5.338230269900923e-05,(2010)
27172,5.338230269900923e-05,(2009)
27495,5.338230269900923e-05,(2009)
28686,5.338230269900923e-05,(2009)
28698,5.338230269900923e-05,(2001)
29039,5.338230269900923e-05,(2011)
29547,5.338230269900923e-05,(1976)
2722,5.338230269900923e-05,(2010)
2756,5.338230269900923e-05,(2008)
31741,5.338230269900923e-05,(2012)
2812,5.338230269900923e-05,(2005)
2815,5.338230269900923e-05,(2008)
32199,5.338230269900923e-05,(2001)
32205,5.338230269900923e-05,(2006)
32284,5.338230269900923e-05,(1995)
32870,5.338230269900923e-05,(2008)
33110,5.338230269900923e-05,(2004)
33114,5.338230269900923e-05,(2006)
33197,5.338230269900923e-05,(2008)
33198,5.338230269900923e-05,(2008)
33285,5.338230269900923e-05,(2015)
33301,5.338230269900923e-05,(2011)
33317,5.338230269900923e-05,(2009)
33494,5.338230269900923e-05,(2007)
3277,5.338230269900923e-05,(2013)
34462,5.338230269900923e-05,(2010)
34474,5.338230269900923e-05,(2010)
34476,5.338230269900923e-05,(2010)
34499,5.338230269900923e-05,(1980)
34501,5.338230269900923e-05,(1980)
34702,5.338230269900923e-05,(2009)
34713,5.338230269900923e-05,(2007)
34954,5.338230269900923e-05,(2010)
34958,5.338230269900923e-05,(2010)
35032,5.338230269900923e-05,(2009)
35255,5.338230269900923e-05,(2012)
36039,5.338230269900923e-05,(2008)
36294,5.338230269900923e-05,(2009)
36521,5.338230269900923e-05,(2002)
36860,5.338230269900923e-05,(2007)
36917,5.338230269900923e-05,(1997)
37034,5.338230269900923e-05,(2001)
37181,5.338230269900923e-05,(2008)
37205,5.338230269900923e-05,(2008)
8210,4.270584215920738e-05,(2012)
37953,4.270584215920738e-05,(2005)
37955,4.270584215920738e-05,(2009)
8648,4.270584215920738e-05,(2008)
8959,4.270584215920738e-05,(2010)
8976,4.270584215920738e-05,(2005)
38509,4.270584215920738e-05,(2005)
8999,4.270584215920738e-05,(2010)
9119,4.270584215920738e-05,(2003)
9133,4.270584215920738e-05,(1991)
9152,4.270584215920738e-05,(2005)
9197,4.270584215920738e-05,(2008)
9214,4.270584215920738e-05,(2008)
9224,4.270584215920738e-05,(2005)
38900,4.270584215920738e-05,(2009)
9430,4.270584215920738e-05,(2010)
3881,4.270584215920738e-05,(2008)
3887,4.270584215920738e-05,(2008)
39108,4.270584215920738e-05,(2011)
9826,4.270584215920738e-05,(1986)
1043,4.270584215920738e-05,(2012)
1046,4.270584215920738e-05,(2012)
39450,4.270584215920738e-05,(1998)
9958,4.270584215920738e-05,(2008)
9962,4.270584215920738e-05,(2000)
39525,4.270584215920738e-05,(2010)
39529,4.270584215920738e-05,(2003)
9982,4.270584215920738e-05,(2003)
39650,4.270584215920738e-05,(1994)
10224,4.270584215920738e-05,(2009)
10332,4.270584215920738e-05,(2006)
10335,4.270584215920738e-05,(2006)
39882,4.270584215920738e-05,(2001)
39908,4.270584215920738e-05,(1988)
39918,4.270584215920738e-05,(2011)
39956,4.270584215920738e-05,(2010)
4246,4.270584215920738e-05,(2009)
10998,4.270584215920738e-05,(2012)
11021,4.270584215920738e-05,(2012)
11129,4.270584215920738e-05,(2006)
4749,4.270584215920738e-05,(2011)
4801,4.270584215920738e-05,(2012)
11354,4.270584215920738e-05,(2010)
11367,4.270584215920738e-05,(2016)
11650,4.270584215920738e-05,(1988)
11661,4.270584215920738e-05,(2006)
5041,4.270584215920738e-05,(2000)
5064,4.270584215920738e-05,(2012)
5069,4.270584215920738e-05,(2012)
11762,4.270584215920738e-05,(2011)
11767,4.270584215920738e-05,(2011)
5223,4.270584215920738e-05,(2013)
5229,4.270584215920738e-05,(2013)
11918,4.270584215920738e-05,(2008)
11927,4.270584215920738e-05,(2004)
11944,4.270584215920738e-05,(2009)
12254,4.270584215920738e-05,(2001)
12463,4.270584215920738e-05,(2009)
6147,4.270584215920738e-05,(2010)
12923,4.270584215920738e-05,(2009)
12925,4.270584215920738e-05,(2009)
6279,4.270584215920738e-05,(1992)
6284,4.270584215920738e-05,(1992)
6521,4.270584215920738e-05,(2012)
13317,4.270584215920738e-05,(2010)
13323,4.270584215920738e-05,(2001)
6691,4.270584215920738e-05,(2006)
6706,4.270584215920738e-05,(2006)
7172,4.270584215920738e-05,(2012)
7390,4.270584215920738e-05,(1998)
7392,4.270584215920738e-05,(2011)
7399,4.270584215920738e-05,(2011)
7583,4.270584215920738e-05,(2007)
7616,4.270584215920738e-05,(2007)
14449,4.270584215920738e-05,(2005)
8005,4.270584215920738e-05,(1997)
8012,4.270584215920738e-05,(1997)
15349,4.270584215920738e-05,(2000)
15848,4.270584215920738e-05,(2010)
16089,4.270584215920738e-05,(2009)
16091,4.270584215920738e-05,(2009)
16149,4.270584215920738e-05,(2009)
16233,4.270584215920738e-05,(2012)
16571,4.270584215920738e-05,(2003)
16669,4.270584215920738e-05,(2009)
16674,4.270584215920738e-05,(2009)
16718,4.270584215920738e-05,(2011)
16800,4.270584215920738e-05,(2010)
16828,4.270584215920738e-05,(2010)
16829,4.270584215920738e-05,(2010)
16905,4.270584215920738e-05,(2003)
16921,4.270584215920738e-05,(2008)
17414,4.270584215920738e-05,(2010)
1757,4.270584215920738e-05,(1998)
1771,4.270584215920738e-05,(1998)
18133,4.270584215920738e-05,(2014)
18143,4.270584215920738e-05,(2008)
18163,4.270584215920738e-05,(2014)
18729,4.270584215920738e-05,(2010)
18856,4.270584215920738e-05,(2000)
18870,4.270584215920738e-05,(2010)
18880,4.270584215920738e-05,(2010)
18944,4.270584215920738e-05,(2006)
18948,4.270584215920738e-05,(2006)
19084,4.270584215920738e-05,(2005)
19348,4.270584215920738e-05,(2007)
19668,4.270584215920738e-05,(1996)
19785,4.270584215920738e-05,(1986)
19787,4.270584215920738e-05,(2002)
1879,4.270584215920738e-05,(1985)
20040,4.270584215920738e-05,(1973)
20044,4.270584215920738e-05,(1975)
1916,4.270584215920738e-05,(1988)
20486,4.270584215920738e-05,(2003)
20505,4.270584215920738e-05,(2012)
20599,4.270584215920738e-05,(2005)
20624,4.270584215920738e-05,(2005)
1938,4.270584215920738e-05,(2009)
20648,4.270584215920738e-05,(2009)
20916,4.270584215920738e-05,(1984)
20972,4.270584215920738e-05,(2008)
21005,4.270584215920738e-05,(1995)
21012,4.270584215920738e-05,(2008)
21355,4.270584215920738e-05,(1997)
21359,4.270584215920738e-05,(1992)
21404,4.270584215920738e-05,(1992)
21409,4.270584215920738e-05,(2002)
21961,4.270584215920738e-05,(1980)
22145,4.270584215920738e-05,(2011)
22154,4.270584215920738e-05,(2014)
22171,4.270584215920738e-05,(2012)
22183,4.270584215920738e-05,(2012)
23646,4.270584215920738e-05,(2010)
23992,4.270584215920738e-05,(2012)
24299,4.270584215920738e-05,(2016)
24685,4.270584215920738e-05,(2007)
24707,4.270584215920738e-05,(2007)
24719,4.270584215920738e-05,(2000)
25216,4.270584215920738e-05,(2009)
25374,4.270584215920738e-05,(2010)
25610,4.270584215920738e-05,(2004)
25651,4.270584215920738e-05,(2008)
26033,4.270584215920738e-05,(2009)
26058,4.270584215920738e-05,(2003)
26227,4.270584215920738e-05,(2005)
26364,4.270584215920738e-05,(1980)
26925,4.270584215920738e-05,(2004)
27111,4.270584215920738e-05,(2005)
27124,4.270584215920738e-05,(2003)
27344,4.270584215920738e-05,(2012)
27493,4.270584215920738e-05,(2009)
27514,4.270584215920738e-05,(2006)
28360,4.270584215920738e-05,(2003)
28657,4.270584215920738e-05,(1996)
28890,4.270584215920738e-05,(2006)
29048,4.270584215920738e-05,(2011)
29054,4.270584215920738e-05,(2006)
29162,4.270584215920738e-05,(2013)
2655,4.270584215920738e-05,(2006)
29453,4.270584215920738e-05,(1976)
29457,4.270584215920738e-05,(1976)
29941,4.270584215920738e-05,(1983)
29945,4.270584215920738e-05,(1982)
29946,4.270584215920738e-05,(1986)
29978,4.270584215920738e-05,(1994)
30205,4.270584215920738e-05,(2012)
30233,4.270584215920738e-05,(2009)
2702,4.270584215920738e-05,(2007)
2781,4.270584215920738e-05,(2005)
31101,4.270584215920738e-05,(2009)
31130,4.270584215920738e-05,(2005)
31494,4.270584215920738e-05,(2014)
32067,4.270584215920738e-05,(2007)
32221,4.270584215920738e-05,(2004)
32229,4.270584215920738e-05,(2001)
2950,4.270584215920738e-05,(2009)
32698,4.270584215920738e-05,(2012)
32944,4.270584215920738e-05,(1995)
32962,4.270584215920738e-05,(1999)
33057,4.270584215920738e-05,(2009)
33071,4.270584215920738e-05,(2012)
33103,4.270584215920738e-05,(2009)
33384,4.270584215920738e-05,(2007)
33954,4.270584215920738e-05,(2009)
3211,4.270584215920738e-05,(1999)
34759,4.270584215920738e-05,(2009)
34829,4.270584215920738e-05,(2008)
34923,4.270584215920738e-05,(2015)
34924,4.270584215920738e-05,(2015)
35102,4.270584215920738e-05,(2011)
35205,4.270584215920738e-05,(1999)
35384,4.270584215920738e-05,(2003)
35547,4.270584215920738e-05,(2013)
35882,4.270584215920738e-05,(2007)
35899,4.270584215920738e-05,(2007)
35906,4.270584215920738e-05,(2005)
36059,4.270584215920738e-05,(1994)
36103,4.270584215920738e-05,(2010)
36131,4.270584215920738e-05,(2013)
36505,4.270584215920738e-05,(2002)
36514,4.270584215920738e-05,(2002)
36777,4.270584215920738e-05,(2000)
36803,4.270584215920738e-05,(2000)
37147,4.270584215920738e-05,(2004)
37211,4.270584215920738e-05,(2008)
3585,4.270584215920738e-05,(2012)
8219,3.202938161940554e-05,(2012)
37931,3.202938161940554e-05,(2005)
37944,3.202938161940554e-05,(2009)
37945,3.202938161940554e-05,(2009)
37970,3.202938161940554e-05,(2005)
930,3.202938161940554e-05,(2010)
934,3.202938161940554e-05,(2010)
38437,3.202938161940554e-05,(2005)
3742,3.202938161940554e-05,(2012)
8936,3.202938161940554e-05,(2010)
8965,3.202938161940554e-05,(2007)
8967,3.202938161940554e-05,(2005)
38543,3.202938161940554e-05,(2005)
38547,3.202938161940554e-05,(2008)
9104,3.202938161940554e-05,(1983)
9113,3.202938161940554e-05,(1978)
9155,3.202938161940554e-05,(1991)
9350,3.202938161940554e-05,(2010)
38948,3.202938161940554e-05,(2009)
38983,3.202938161940554e-05,(1981)
3836,3.202938161940554e-05,(2008)
3857,3.202938161940554e-05,(1978)
3871,3.202938161940554e-05,(2008)
39102,3.202938161940554e-05,(2011)
9763,3.202938161940554e-05,(1982)
39317,3.202938161940554e-05,(1995)
9917,3.202938161940554e-05,(1982)
39455,3.202938161940554e-05,(2010)
39466,3.202938161940554e-05,(2012)
39471,3.202938161940554e-05,(1998)
39486,3.202938161940554e-05,(2008)
39498,3.202938161940554e-05,(2001)
39657,3.202938161940554e-05,(2002)
39764,3.202938161940554e-05,(2010)
39940,3.202938161940554e-05,(1985)
39950,3.202938161940554e-05,(2011)
10700,3.202938161940554e-05,(2010)
10722,3.202938161940554e-05,(2005)
10741,3.202938161940554e-05,(2007)
11028,3.202938161940554e-05,(2012)
11126,3.202938161940554e-05,(2007)
4681,3.202938161940554e-05,(2005)
4684,3.202938161940554e-05,(2005)
681,3.202938161940554e-05,(2010)
11647,3.202938161940554e-05,(2006)
5039,3.202938161940554e-05,(2000)
5045,3.202938161940554e-05,(2002)
5063,3.202938161940554e-05,(2012)
11849,3.202938161940554e-05,(2001)
5226,3.202938161940554e-05,(2013)
11942,3.202938161940554e-05,(2008)
5442,3.202938161940554e-05,(1981)
5458,3.202938161940554e-05,(1981)
5470,3.202938161940554e-05,(1982)
12139,3.202938161940554e-05,(2010)
12213,3.202938161940554e-05,(2010)
12249,3.202938161940554e-05,(2010)
5682,3.202938161940554e-05,(2010)
5691,3.202938161940554e-05,(2005)
5699,3.202938161940554e-05,(2010)
12395,3.202938161940554e-05,(2013)
12397,3.202938161940554e-05,(2013)
12412,3.202938161940554e-05,(1992)
12471,3.202938161940554e-05,(1990)
12554,3.202938161940554e-05,(2010)
12671,3.202938161940554e-05,(2010)
6152,3.202938161940554e-05,(2010)
12864,3.202938161940554e-05,(2012)
12936,3.202938161940554e-05,(2009)
13208,3.202938161940554e-05,(2009)
13292,3.202938161940554e-05,(2009)
13300,3.202938161940554e-05,(2009)
6674,3.202938161940554e-05,(2008)
6806,3.202938161940554e-05,(2011)
6919,3.202938161940554e-05,(2009)
13839,3.202938161940554e-05,(1990)
13897,3.202938161940554e-05,(1975)
13904,3.202938161940554e-05,(1974)
7273,3.202938161940554e-05,(2007)
7286,3.202938161940554e-05,(2002)
7314,3.202938161940554e-05,(2010)
13994,3.202938161940554e-05,(2011)
13999,3.202938161940554e-05,(2011)
14000,3.202938161940554e-05,(2011)
7369,3.202938161940554e-05,(2010)
7373,3.202938161940554e-05,(1999)
7374,3.202938161940554e-05,(1997)
7387,3.202938161940554e-05,(2001)
7420,3.202938161940554e-05,(1999)
7425,3.202938161940554e-05,(1998)
7428,3.202938161940554e-05,(1997)
7443,3.202938161940554e-05,(2009)
14190,3.202938161940554e-05,(2010)
7603,3.202938161940554e-05,(2007)
15295,3.202938161940554e-05,(2008)
15366,3.202938161940554e-05,(2007)
15371,3.202938161940554e-05,(2000)
15400,3.202938161940554e-05,(2007)
15694,3.202938161940554e-05,(2011)
15931,3.202938161940554e-05,(2010)
15948,3.202938161940554e-05,(2010)
16147,3.202938161940554e-05,(2009)
16150,3.202938161940554e-05,(2009)
16257,3.202938161940554e-05,(2012)
16518,3.202938161940554e-05,(2007)
16591,3.202938161940554e-05,(2007)
16769,3.202938161940554e-05,(2010)
16794,3.202938161940554e-05,(2003)
16810,3.202938161940554e-05,(2009)
16933,3.202938161940554e-05,(2003)
17000,3.202938161940554e-05,(2000)
17028,3.202938161940554e-05,(2000)
17103,3.202938161940554e-05,(2002)
1742,3.202938161940554e-05,(1985)
1769,3.202938161940554e-05,(1974)
18136,3.202938161940554e-05,(2010)
18162,3.202938161940554e-05,(2008)
18165,3.202938161940554e-05,(2014)
18549,3.202938161940554e-05,(2012)
173,3.202938161940554e-05,(2010)
18804,3.202938161940554e-05,(2012)
18805,3.202938161940554e-05,(2012)
18812,3.202938161940554e-05,(2010)
18819,3.202938161940554e-05,(2000)
18840,3.202938161940554e-05,(1997)
18866,3.202938161940554e-05,(2010)
18879,3.202938161940554e-05,(2000)
1791,3.202938161940554e-05,(1987)
1804,3.202938161940554e-05,(2005)
1810,3.202938161940554e-05,(1987)
19068,3.202938161940554e-05,(2011)
19105,3.202938161940554e-05,(2005)
19119,3.202938161940554e-05,(2010)
19262,3.202938161940554e-05,(2012)
19265,3.202938161940554e-05,(2012)
19574,3.202938161940554e-05,(1996)
1846,3.202938161940554e-05,(1982)
19671,3.202938161940554e-05,(1984)
19698,3.202938161940554e-05,(2000)
19749,3.202938161940554e-05,(1990)
19764,3.202938161940554e-05,(1986)
19770,3.202938161940554e-05,(1981)
19776,3.202938161940554e-05,(2007)
1856,3.202938161940554e-05,(1980)
1866,3.202938161940554e-05,(1993)
20018,3.202938161940554e-05,(1981)
20491,3.202938161940554e-05,(2012)
20506,3.202938161940554e-05,(2012)
20521,3.202938161940554e-05,(2009)
1941,3.202938161940554e-05,(2010)
20652,3.202938161940554e-05,(1997)
20873,3.202938161940554e-05,(1983)
21328,3.202938161940554e-05,(2010)
21364,3.202938161940554e-05,(1993)
21384,3.202938161940554e-05,(1990)
21394,3.202938161940554e-05,(2005)
21418,3.202938161940554e-05,(1993)
21916,3.202938161940554e-05,(1995)
22147,3.202938161940554e-05,(2011)
22300,3.202938161940554e-05,(2013)
22434,3.202938161940554e-05,(2003)
22497,3.202938161940554e-05,(2004)
22870,3.202938161940554e-05,(1996)
23898,3.202938161940554e-05,(2011)
23905,3.202938161940554e-05,(2011)
24291,3.202938161940554e-05,(2016)
24309,3.202938161940554e-05,(2013)
24694,3.202938161940554e-05,(2000)
24741,3.202938161940554e-05,(2000)
24983,3.202938161940554e-05,(2009)
24985,3.202938161940554e-05,(2004)
25638,3.202938161940554e-05,(2012)
25640,3.202938161940554e-05,(2001)
25649,3.202938161940554e-05,(2008)
26091,3.202938161940554e-05,(2011)
26342,3.202938161940554e-05,(2006)
26359,3.202938161940554e-05,(2006)
2483,3.202938161940554e-05,(2007)
2485,3.202938161940554e-05,(1998)
26439,3.202938161940554e-05,(1979)
26447,3.202938161940554e-05,(1979)
26448,3.202938161940554e-05,(1979)
26455,3.202938161940554e-05,(1979)
26579,3.202938161940554e-05,(2010)
26602,3.202938161940554e-05,(2010)
26696,3.202938161940554e-05,(2003)
26734,3.202938161940554e-05,(2010)
2511,3.202938161940554e-05,(2010)
2515,3.202938161940554e-05,(2010)
26913,3.202938161940554e-05,(2007)
27120,3.202938161940554e-05,(2005)
27145,3.202938161940554e-05,(2009)
27150,3.202938161940554e-05,(2003)
27336,3.202938161940554e-05,(2012)
27739,3.202938161940554e-05,(2006)
27756,3.202938161940554e-05,(2009)
28259,3.202938161940554e-05,(2012)
28294,3.202938161940554e-05,(1999)
28490,3.202938161940554e-05,(2003)
28675,3.202938161940554e-05,(2009)
28702,3.202938161940554e-05,(2001)
28729,3.202938161940554e-05,(2009)
2644,3.202938161940554e-05,(2001)
29027,3.202938161940554e-05,(2007)
29042,3.202938161940554e-05,(2011)
29045,3.202938161940554e-05,(2011)
29052,3.202938161940554e-05,(2011)
29461,3.202938161940554e-05,(1976)
29478,3.202938161940554e-05,(1982)
29575,3.202938161940554e-05,(1976)
29988,3.202938161940554e-05,(1994)
30002,3.202938161940554e-05,(1983)
30027,3.202938161940554e-05,(1986)
30188,3.202938161940554e-05,(2008)
30206,3.202938161940554e-05,(2011)
30230,3.202938161940554e-05,(2003)
30236,3.202938161940554e-05,(2003)
30359,3.202938161940554e-05,(2012)
2747,3.202938161940554e-05,(2002)
2750,3.202938161940554e-05,(2005)
2780,3.202938161940554e-05,(2008)
31057,3.202938161940554e-05,(2004)
31077,3.202938161940554e-05,(2011)
31573,3.202938161940554e-05,(2009)
32002,3.202938161940554e-05,(2002)
32227,3.202938161940554e-05,(2006)
32264,3.202938161940554e-05,(1995)
32293,3.202938161940554e-05,(1995)
32297,3.202938161940554e-05,(2009)
32918,3.202938161940554e-05,(1999)
3095,3.202938161940554e-05,(2013)
32954,3.202938161940554e-05,(2010)
32959,3.202938161940554e-05,(1995)
33060,3.202938161940554e-05,(2006)
33091,3.202938161940554e-05,(2011)
33263,3.202938161940554e-05,(2009)
33512,3.202938161940554e-05,(2011)
33533,3.202938161940554e-05,(2007)
33960,3.202938161940554e-05,(2009)
3214,3.202938161940554e-05,(2001)
34098,3.202938161940554e-05,(2012)
34101,3.202938161940554e-05,(2012)
34502,3.202938161940554e-05,(1980)
34504,3.202938161940554e-05,(1980)
34703,3.202938161940554e-05,(2009)
34757,3.202938161940554e-05,(2010)
34830,3.202938161940554e-05,(2008)
34838,3.202938161940554e-05,(2011)
34957,3.202938161940554e-05,(2010)
35194,3.202938161940554e-05,(2004)
35368,3.202938161940554e-05,(2003)
35389,3.202938161940554e-05,(2007)
35553,3.202938161940554e-05,(2013)
35889,3.202938161940554e-05,(2007)
36018,3.202938161940554e-05,(1994)
36031,3.202938161940554e-05,(1994)
36044,3.202938161940554e-05,(1994)
36047,3.202938161940554e-05,(1999)
36057,3.202938161940554e-05,(2011)
36511,3.202938161940554e-05,(2002)
36664,3.202938161940554e-05,(2012)
3522,3.202938161940554e-05,(2010)
3528,3.202938161940554e-05,(2010)
37049,3.202938161940554e-05,(2011)
37076,3.202938161940554e-05,(2011)
37090,3.202938161940554e-05,(1995)
37143,3.202938161940554e-05,(2004)
37204,3.202938161940554e-05,(2011)
37227,3.202938161940554e-05,(1987)
3583,3.202938161940554e-05,(2012)
