1884,0.0008460236886632825,(1987)
9787,0.0008374779948384009,(1987)
35902,0.0007263839751149396,(2007)
1865,0.0006238356492163599,(1998)
20024,0.0006238356492163599,(1977)
9218,0.0004956502418431353,(2008)
26674,0.00043583038506896376,(2003)
19969,0.00041019330359431884,(1981)
11916,0.0003674648344699106,(2004)
3721,0.00035891914064502896,(2012)
6147,0.0003418277529952657,(2010)
20110,0.0003418277529952657,(2012)
33107,0.00030764497769573913,(2004)
14370,0.0002990992838708575,(2005)
32020,0.0002990992838708575,(2001)
36861,0.0002990992838708575,(1997)
1374,0.0002905535900459758,(2012)
19594,0.0002905535900459758,(1982)
8950,0.0002820078962210942,(2007)
6674,0.0002820078962210942,(2008)
24984,0.0002820078962210942,(2006)
25596,0.0002820078962210942,(2004)
32074,0.0002820078962210942,(2007)
7364,0.00027346220239621256,(2007)
26314,0.00027346220239621256,(2010)
36041,0.00027346220239621256,(1999)
39387,0.0002649165085713309,(1986)
18729,0.0002649165085713309,(2010)
19256,0.0002649165085713309,(2012)
26680,0.0002649165085713309,(2006)
32188,0.0002649165085713309,(2004)
39340,0.00025637081474644925,(1991)
16891,0.00025637081474644925,(2003)
29725,0.00025637081474644925,(1987)
7586,0.00024782512092156765,(2009)
16092,0.00024782512092156765,(2009)
27760,0.00024782512092156765,(2009)
29977,0.00024782512092156765,(1985)
31571,0.00024782512092156765,(2009)
39521,0.000239279427096686,(2012)
20016,0.000239279427096686,(1982)
32194,0.000239279427096686,(2004)
8219,0.00023073373327180433,(2012)
10971,0.00023073373327180433,(2012)
7256,0.00023073373327180433,(1997)
7272,0.00023073373327180433,(2007)
29015,0.00023073373327180433,(2006)
29033,0.00023073373327180433,(2007)
29702,0.00023073373327180433,(2008)
2695,0.00023073373327180433,(2006)
31486,0.00023073373327180433,(2014)
12635,0.0002221880394469227,(2012)
6305,0.0002221880394469227,(1992)
1375,0.0002221880394469227,(2012)
26351,0.0002221880394469227,(1980)
37141,0.0002221880394469227,(2008)
8217,0.00021364234562204105,(2012)
38502,0.00021364234562204105,(2010)
9156,0.00021364234562204105,(1993)
14445,0.00021364234562204105,(2005)
16779,0.00021364234562204105,(2006)
16921,0.00021364234562204105,(2008)
21369,0.00021364234562204105,(1997)
34840,0.00021364234562204105,(2011)
11018,0.00020509665179715942,(2012)
11911,0.00020509665179715942,(2016)
18830,0.00020509665179715942,(1997)
1833,0.00020509665179715942,(1976)
20890,0.00020509665179715942,(1983)
29043,0.00020509665179715942,(2006)
2670,0.00020509665179715942,(2007)
36935,0.00020509665179715942,(2009)
37043,0.00020509665179715942,(2011)
37100,0.00020509665179715942,(1998)
38899,0.00019655095797227776,(2009)
11840,0.00019655095797227776,(2001)
7657,0.00019655095797227776,(2010)
15960,0.00019655095797227776,(2010)
22773,0.00019655095797227776,(2012)
22984,0.00019655095797227776,(2013)
25005,0.00019655095797227776,(2006)
38935,0.00018800526414739614,(2009)
108,0.00018800526414739614,(212)
39529,0.00018800526414739614,(2003)
5067,0.00018800526414739614,(2012)
1393,0.00018800526414739614,(2010)
15958,0.00018800526414739614,(2010)
23685,0.00018800526414739614,(2012)
24299,0.00018800526414739614,(2016)
24987,0.00018800526414739614,(2006)
27104,0.00018800526414739614,(2003)
32190,0.00018800526414739614,(2004)
33057,0.00018800526414739614,(2009)
11903,0.00017945957032251448,(2016)
13185,0.00017945957032251448,(2010)
15349,0.00017945957032251448,(2000)
16810,0.00017945957032251448,(2009)
19734,0.00017945957032251448,(1992)
20485,0.00017945957032251448,(2003)
20620,0.00017945957032251448,(1997)
25666,0.00017945957032251448,(2012)
29980,0.00017945957032251448,(1985)
32071,0.00017945957032251448,(2001)
35891,0.00017945957032251448,(2002)
36114,0.00017945957032251448,(2010)
37950,0.00017091387649763285,(1993)
9257,0.00017091387649763285,(2005)
39415,0.00017091387649763285,(2010)
561,0.00017091387649763285,(2005)
689,0.00017091387649763285,(2010)
7622,0.00017091387649763285,(2009)
18819,0.00017091387649763285,(2000)
1811,0.00017091387649763285,(1978)
20087,0.00017091387649763285,(1973)
22516,0.00017091387649763285,(2008)
22872,0.00017091387649763285,(1996)
22986,0.00017091387649763285,(2013)
24740,0.00017091387649763285,(2000)
26911,0.00017091387649763285,(2004)
29056,0.00017091387649763285,(2011)
2677,0.00017091387649763285,(2006)
35379,0.00017091387649763285,(2005)
8220,0.0001623681826727512,(2012)
38977,0.0001623681826727512,(1981)
39414,0.0001623681826727512,(1991)
39416,0.0001623681826727512,(1997)
39477,0.0001623681826727512,(2003)
39699,0.0001623681826727512,(2002)
39917,0.0001623681826727512,(1988)
11371,0.0001623681826727512,(2010)
5246,0.0001623681826727512,(2009)
16760,0.0001623681826727512,(2010)
20040,0.0001623681826727512,(1973)
21934,0.0001623681826727512,(2009)
22643,0.0001623681826727512,(2011)
22868,0.0001623681826727512,(1996)
26929,0.0001623681826727512,(2008)
32945,0.0001623681826727512,(2003)
33329,0.0001623681826727512,(2015)
34828,0.0001623681826727512,(2008)
34849,0.0001623681826727512,(2011)
37041,0.0001623681826727512,(1998)
9214,0.00015382248884786957,(2008)
85,0.00015382248884786957,(2013)
39470,0.00015382248884786957,(2012)
39898,0.00015382248884786957,(1995)
10695,0.00015382248884786957,(2005)
684,0.00015382248884786957,(2010)
5452,0.00015382248884786957,(1982)
13213,0.00015382248884786957,(2013)
7618,0.00015382248884786957,(2009)
16770,0.00015382248884786957,(2004)
16950,0.00015382248884786957,(2008)
17004,0.00015382248884786957,(2006)
18937,0.00015382248884786957,(2006)
19087,0.00015382248884786957,(2008)
22774,0.00015382248884786957,(2012)
23646,0.00015382248884786957,(2010)
25602,0.00015382248884786957,(2012)
26436,0.00015382248884786957,(1979)
2820,0.00015382248884786957,(2005)
36112,0.00015382248884786957,(2010)
3522,0.00015382248884786957,(2010)
8981,0.0001452767950229879,(2014)
39673,0.0001452767950229879,(2007)
11354,0.0001452767950229879,(2010)
11366,0.0001452767950229879,(2010)
5230,0.0001452767950229879,(2013)
5708,0.0001452767950229879,(2010)
6790,0.0001452767950229879,(2011)
7320,0.0001452767950229879,(2009)
7373,0.0001452767950229879,(1999)
14190,0.0001452767950229879,(2010)
15127,0.0001452767950229879,(2009)
15948,0.0001452767950229879,(2010)
16866,0.0001452767950229879,(1988)
1766,0.0001452767950229879,(1987)
19262,0.0001452767950229879,(2012)
1846,0.0001452767950229879,(1982)
1880,0.0001452767950229879,(1981)
20501,0.0001452767950229879,(2012)
21093,0.0001452767950229879,(2011)
21357,0.0001452767950229879,(2010)
23639,0.0001452767950229879,(2013)
25676,0.0001452767950229879,(2001)
28698,0.0001452767950229879,(2001)
31483,0.0001452767950229879,(2014)
32075,0.0001452767950229879,(2001)
32206,0.0001452767950229879,(2004)
34816,0.0001452767950229879,(2008)
36022,0.0001452767950229879,(1994)
37232,0.0001452767950229879,(1987)
37946,0.00013673110119810628,(2005)
5252,0.00013673110119810628,(2009)
13184,0.00013673110119810628,(2010)
6527,0.00013673110119810628,(2012)
13254,0.00013673110119810628,(2001)
18135,0.00013673110119810628,(2014)
18167,0.00013673110119810628,(2010)
1839,0.00013673110119810628,(1987)
20068,0.00013673110119810628,(1974)
1906,0.00013673110119810628,(1982)
22981,0.00013673110119810628,(2013)
23624,0.00013673110119810628,(2013)
23682,0.00013673110119810628,(2012)
24765,0.00013673110119810628,(2000)
24814,0.00013673110119810628,(2004)
25575,0.00013673110119810628,(2008)
26932,0.00013673110119810628,(2004)
28103,0.00013673110119810628,(2011)
29557,0.00013673110119810628,(2000)
2706,0.00013673110119810628,(2009)
35239,0.00013673110119810628,(1999)
3525,0.00013673110119810628,(2010)
3850,0.00012818540737322462,(2008)
39305,0.00012818540737322462,(1997)
39876,0.00012818540737322462,(2001)
4252,0.00012818540737322462,(2009)
11048,0.00012818540737322462,(2012)
11660,0.00012818540737322462,(2006)
5359,0.00012818540737322462,(2009)
5469,0.00012818540737322462,(1983)
7597,0.00012818540737322462,(2007)
8012,0.00012818540737322462,(1997)
16704,0.00012818540737322462,(2009)
18153,0.00012818540737322462,(2010)
18886,0.00012818540737322462,(1997)
19569,0.00012818540737322462,(1979)
19973,0.00012818540737322462,(1982)
20054,0.00012818540737322462,(1973)
20353,0.00012818540737322462,(2008)
23644,0.00012818540737322462,(2013)
23678,0.00012818540737322462,(2012)
25588,0.00012818540737322462,(2006)
26677,0.00012818540737322462,(2006)
27135,0.00012818540737322462,(2002)
28704,0.00012818540737322462,(2009)
28722,0.00012818540737322462,(2009)
29067,0.00012818540737322462,(2006)
30658,0.00012818540737322462,(2011)
33408,0.00012818540737322462,(2009)
33453,0.00012818540737322462,(2007)
33512,0.00012818540737322462,(2011)
3177,0.00012818540737322462,(2011)
35202,0.00012818540737322462,(1999)
37948,0.000119639713548343,(2009)
38948,0.000119639713548343,(2009)
39667,0.000119639713548343,(2007)
39668,0.000119639713548343,(1994)
4255,0.000119639713548343,(2009)
11370,0.000119639713548343,(2010)
5032,0.000119639713548343,(2002)
11830,0.000119639713548343,(2001)
11836,0.000119639713548343,(2001)
11846,0.000119639713548343,(2005)
11929,0.000119639713548343,(2004)
12209,0.000119639713548343,(2004)
12929,0.000119639713548343,(2009)
13736,0.000119639713548343,(2009)
14233,0.000119639713548343,(2009)
15939,0.000119639713548343,(2010)
16151,0.000119639713548343,(2009)
16740,0.000119639713548343,(2009)
1806,0.000119639713548343,(1976)
19512,0.000119639713548343,(2009)
19770,0.000119639713548343,(1981)
19984,0.000119639713548343,(1981)
20375,0.000119639713548343,(2006)
23518,0.000119639713548343,(2015)
25571,0.000119639713548343,(2006)
25601,0.000119639713548343,(2008)
26921,0.000119639713548343,(2004)
28105,0.000119639713548343,(2011)
28693,0.000119639713548343,(2001)
29018,0.000119639713548343,(2011)
29399,0.000119639713548343,(2007)
32200,0.000119639713548343,(2004)
32821,0.000119639713548343,(2010)
32924,0.000119639713548343,(1994)
33289,0.000119639713548343,(2007)
3344,0.000119639713548343,(2012)
34846,0.000119639713548343,(2011)
35385,0.000119639713548343,(2007)
37210,0.000119639713548343,(2008)
9228,0.00011109401972346135,(1999)
39404,0.00011109401972346135,(1995)
39509,0.00011109401972346135,(1998)
39589,0.00011109401972346135,(2009)
39875,0.00011109401972346135,(1988)
39930,0.00011109401972346135,(1995)
10690,0.00011109401972346135,(2005)
10704,0.00011109401972346135,(2008)
10985,0.00011109401972346135,(2010)
11361,0.00011109401972346135,(2010)
11363,0.00011109401972346135,(2008)
12878,0.00011109401972346135,(2009)
7310,0.00011109401972346135,(2001)
7437,0.00011109401972346135,(2011)
1407,0.00011109401972346135,(2012)
16708,0.00011109401972346135,(2010)
16715,0.00011109401972346135,(2012)
17418,0.00011109401972346135,(2010)
1840,0.00011109401972346135,(1981)
1842,0.00011109401972346135,(1993)
19807,0.00011109401972346135,(1988)
21330,0.00011109401972346135,(2005)
23111,0.00011109401972346135,(2012)
23687,0.00011109401972346135,(2012)
27096,0.00011109401972346135,(2005)
28694,0.00011109401972346135,(1998)
30199,0.00011109401972346135,(2008)
32229,0.00011109401972346135,(2001)
32231,0.00011109401972346135,(2001)
33110,0.00011109401972346135,(2004)
33114,0.00011109401972346135,(2006)
34101,0.00011109401972346135,(2012)
34817,0.00011109401972346135,(2008)
35167,0.00011109401972346135,(1999)
35383,0.00011109401972346135,(2003)
36884,0.00011109401972346135,(2007)
37032,0.00011109401972346135,(2001)
37075,0.00011109401972346135,(1998)
37140,0.00011109401972346135,(1987)
37953,0.00010254832589857971,(2005)
8652,0.00010254832589857971,(2008)
9004,0.00010254832589857971,(2014)
9172,0.00010254832589857971,(2005)
9220,0.00010254832589857971,(1999)
9348,0.00010254832589857971,(2010)
3893,0.00010254832589857971,(1978)
3894,0.00010254832589857971,(2008)
39503,0.00010254832589857971,(2012)
10094,0.00010254832589857971,(2016)
10336,0.00010254832589857971,(2004)
39914,0.00010254832589857971,(1997)
10737,0.00010254832589857971,(2008)
5251,0.00010254832589857971,(2009)
11958,0.00010254832589857971,(2009)
6667,0.00010254832589857971,(2008)
1376,0.00010254832589857971,(2010)
15930,0.00010254832589857971,(2010)
16089,0.00010254832589857971,(2009)
16737,0.00010254832589857971,(2007)
16780,0.00010254832589857971,(2010)
17414,0.00010254832589857971,(2010)
1777,0.00010254832589857971,(1984)
18801,0.00010254832589857971,(2012)
19500,0.00010254832589857971,(2014)
19513,0.00010254832589857971,(2007)
19574,0.00010254832589857971,(1996)
19755,0.00010254832589857971,(1978)
19771,0.00010254832589857971,(1990)
22869,0.00010254832589857971,(1996)
23110,0.00010254832589857971,(2012)
26343,0.00010254832589857971,(1978)
27129,0.00010254832589857971,(2009)
27494,0.00010254832589857971,(2009)
27498,0.00010254832589857971,(2004)
27524,0.00010254832589857971,(2006)
29398,0.00010254832589857971,(2007)
29551,0.00010254832589857971,(2000)
29951,0.00010254832589857971,(1985)
30357,0.00010254832589857971,(2012)
32937,0.00010254832589857971,(2003)
32961,0.00010254832589857971,(1994)
33489,0.00010254832589857971,(2010)
3181,0.00010254832589857971,(2001)
34958,0.00010254832589857971,(2010)
35898,0.00010254832589857971,(2005)
3581,0.00010254832589857971,(2012)
37942,9.400263207369807e-05,(1993)
9082,9.400263207369807e-05,(1985)
9190,9.400263207369807e-05,(2008)
9221,9.400263207369807e-05,(2005)
9239,9.400263207369807e-05,(1999)
3869,9.400263207369807e-05,(2008)
39097,9.400263207369807e-05,(2011)
39105,9.400263207369807e-05,(2011)
39307,9.400263207369807e-05,(1995)
39385,9.400263207369807e-05,(1995)
39498,9.400263207369807e-05,(2001)
10333,9.400263207369807e-05,(2006)
11647,9.400263207369807e-05,(2006)
11918,9.400263207369807e-05,(2008)
11932,9.400263207369807e-05,(2006)
12257,9.400263207369807e-05,(1999)
12928,9.400263207369807e-05,(2009)
14003,9.400263207369807e-05,(2011)
7409,9.400263207369807e-05,(2010)
16492,9.400263207369807e-05,(1997)
16569,9.400263207369807e-05,(2009)
16725,9.400263207369807e-05,(2010)
16733,9.400263207369807e-05,(2007)
16852,9.400263207369807e-05,(2003)
16938,9.400263207369807e-05,(2003)
18164,9.400263207369807e-05,(2014)
18798,9.400263207369807e-05,(2012)
19777,9.400263207369807e-05,(1988)
19791,9.400263207369807e-05,(1990)
1857,9.400263207369807e-05,(1985)
19974,9.400263207369807e-05,(1981)
20072,9.400263207369807e-05,(1975)
1943,9.400263207369807e-05,(2007)
1951,9.400263207369807e-05,(2007)
23108,9.400263207369807e-05,(2012)
23528,9.400263207369807e-05,(2012)
23623,9.400263207369807e-05,(2010)
23633,9.400263207369807e-05,(2013)
23638,9.400263207369807e-05,(2010)
25223,9.400263207369807e-05,(2009)
26693,9.400263207369807e-05,(2009)
27150,9.400263207369807e-05,(2003)
28674,9.400263207369807e-05,(2009)
30044,9.400263207369807e-05,(1982)
2693,9.400263207369807e-05,(2007)
30678,9.400263207369807e-05,(2005)
3100,9.400263207369807e-05,(2011)
32922,9.400263207369807e-05,(1994)
33090,9.400263207369807e-05,(2009)
33459,9.400263207369807e-05,(2009)
3219,9.400263207369807e-05,(2002)
34098,9.400263207369807e-05,(2012)
34705,9.400263207369807e-05,(2009)
35886,9.400263207369807e-05,(2005)
37033,9.400263207369807e-05,(1995)
8212,8.545693824881643e-05,(2012)
37931,8.545693824881643e-05,(2005)
9122,8.545693824881643e-05,(1993)
9171,8.545693824881643e-05,(2003)
9197,8.545693824881643e-05,(2008)
3891,8.545693824881643e-05,(2008)
39349,8.545693824881643e-05,(1991)
10741,8.545693824881643e-05,(2007)
10753,8.545693824881643e-05,(2011)
11055,8.545693824881643e-05,(2010)
4692,8.545693824881643e-05,(2008)
11356,8.545693824881643e-05,(2010)
11367,8.545693824881643e-05,(2016)
11844,8.545693824881643e-05,(2001)
11847,8.545693824881643e-05,(2001)
11902,8.545693824881643e-05,(2006)
11947,8.545693824881643e-05,(2009)
5363,8.545693824881643e-05,(2009)
6531,8.545693824881643e-05,(2012)
13203,8.545693824881643e-05,(2009)
13324,8.545693824881643e-05,(2008)
7419,8.545693824881643e-05,(2011)
15296,8.545693824881643e-05,(2008)
16485,8.545693824881643e-05,(2003)
16683,8.545693824881643e-05,(2012)
16970,8.545693824881643e-05,(2002)
17363,8.545693824881643e-05,(2012)
18146,8.545693824881643e-05,(2010)
1781,8.545693824881643e-05,(1985)
18840,8.545693824881643e-05,(1997)
18944,8.545693824881643e-05,(2006)
19084,8.545693824881643e-05,(2005)
19108,8.545693824881643e-05,(2008)
19654,8.545693824881643e-05,(2007)
19677,8.545693824881643e-05,(1981)
1856,8.545693824881643e-05,(1980)
19959,8.545693824881643e-05,(1980)
20071,8.545693824881643e-05,(1975)
20614,8.545693824881643e-05,(2009)
21362,8.545693824881643e-05,(1995)
21392,8.545693824881643e-05,(2005)
21931,8.545693824881643e-05,(2009)
23525,8.545693824881643e-05,(2015)
23999,8.545693824881643e-05,(2012)
24308,8.545693824881643e-05,(2013)
25021,8.545693824881643e-05,(2011)
25572,8.545693824881643e-05,(2008)
26033,8.545693824881643e-05,(2009)
26091,8.545693824881643e-05,(2011)
26336,8.545693824881643e-05,(2010)
26579,8.545693824881643e-05,(2010)
2516,8.545693824881643e-05,(2010)
28312,8.545693824881643e-05,(2009)
29550,8.545693824881643e-05,(1982)
30693,8.545693824881643e-05,(2005)
31101,8.545693824881643e-05,(2009)
31119,8.545693824881643e-05,(2005)
31742,8.545693824881643e-05,(2012)
32820,8.545693824881643e-05,(2010)
32932,8.545693824881643e-05,(1999)
33111,8.545693824881643e-05,(2006)
33461,8.545693824881643e-05,(2003)
33484,8.545693824881643e-05,(2015)
3348,8.545693824881643e-05,(2012)
34100,8.545693824881643e-05,(2012)
34917,8.545693824881643e-05,(2015)
35370,8.545693824881643e-05,(2003)
35372,8.545693824881643e-05,(2003)
35897,8.545693824881643e-05,(2007)
36065,8.545693824881643e-05,(2011)
36863,8.545693824881643e-05,(2007)
37076,8.545693824881643e-05,(2011)
8657,7.691124442393478e-05,(2001)
8674,7.691124442393478e-05,(2001)
9002,7.691124442393478e-05,(2007)
38539,7.691124442393478e-05,(2006)
9166,7.691124442393478e-05,(2003)
9430,7.691124442393478e-05,(2010)
9445,7.691124442393478e-05,(2010)
38937,7.691124442393478e-05,(2006)
3849,7.691124442393478e-05,(1980)
3860,7.691124442393478e-05,(2008)
9763,7.691124442393478e-05,(1982)
9935,7.691124442393478e-05,(1987)
39449,7.691124442393478e-05,(2008)
39459,7.691124442393478e-05,(2012)
9961,7.691124442393478e-05,(2003)
39698,7.691124442393478e-05,(2007)
39911,7.691124442393478e-05,(1988)
10723,7.691124442393478e-05,(2010)
4248,7.691124442393478e-05,(2009)
11687,7.691124442393478e-05,(2002)
11702,7.691124442393478e-05,(2006)
5253,7.691124442393478e-05,(2009)
5451,7.691124442393478e-05,(1982)
12222,7.691124442393478e-05,(1999)
6532,7.691124442393478e-05,(2012)
6817,7.691124442393478e-05,(2011)
6927,7.691124442393478e-05,(2009)
13890,7.691124442393478e-05,(1975)
7369,7.691124442393478e-05,(2010)
14225,7.691124442393478e-05,(2009)
16258,7.691124442393478e-05,(2012)
1740,7.691124442393478e-05,(1998)
18147,7.691124442393478e-05,(2014)
18151,7.691124442393478e-05,(2010)
18804,7.691124442393478e-05,(2012)
18875,7.691124442393478e-05,(2006)
1792,7.691124442393478e-05,(2010)
1815,7.691124442393478e-05,(1978)
19300,7.691124442393478e-05,(2008)
19330,7.691124442393478e-05,(2011)
19575,7.691124442393478e-05,(1990)
19672,7.691124442393478e-05,(1979)
19674,7.691124442393478e-05,(1992)
19690,7.691124442393478e-05,(1984)
19802,7.691124442393478e-05,(1986)
20009,7.691124442393478e-05,(1982)
20069,7.691124442393478e-05,(1973)
20664,7.691124442393478e-05,(2005)
20953,7.691124442393478e-05,(1983)
22411,7.691124442393478e-05,(2008)
22625,7.691124442393478e-05,(2011)
22758,7.691124442393478e-05,(2012)
22977,7.691124442393478e-05,(2013)
23620,7.691124442393478e-05,(2013)
23626,7.691124442393478e-05,(2013)
23683,7.691124442393478e-05,(2012)
23734,7.691124442393478e-05,(2010)
24291,7.691124442393478e-05,(2016)
24695,7.691124442393478e-05,(2004)
25673,7.691124442393478e-05,(2001)
26362,7.691124442393478e-05,(2010)
26440,7.691124442393478e-05,(1979)
26446,7.691124442393478e-05,(1979)
2493,7.691124442393478e-05,(1998)
27517,7.691124442393478e-05,(2006)
28732,7.691124442393478e-05,(2001)
2638,7.691124442393478e-05,(2001)
29052,7.691124442393478e-05,(2011)
2667,7.691124442393478e-05,(2001)
30669,7.691124442393478e-05,(2005)
30694,7.691124442393478e-05,(2005)
31481,7.691124442393478e-05,(2014)
32012,7.691124442393478e-05,(2007)
32195,7.691124442393478e-05,(2006)
2953,7.691124442393478e-05,(2009)
2968,7.691124442393478e-05,(2009)
32829,7.691124442393478e-05,(2010)
32943,7.691124442393478e-05,(1999)
33070,7.691124442393478e-05,(2004)
33477,7.691124442393478e-05,(2003)
34957,7.691124442393478e-05,(2010)
35074,7.691124442393478e-05,(2011)
35096,7.691124442393478e-05,(2011)
35395,7.691124442393478e-05,(2003)
36037,7.691124442393478e-05,(1994)
36132,7.691124442393478e-05,(2013)
37057,7.691124442393478e-05,(2011)
3586,7.691124442393478e-05,(2012)
38452,6.836555059905314e-05,(2006)
9152,6.836555059905314e-05,(2005)
9162,6.836555059905314e-05,(1987)
9225,6.836555059905314e-05,(1999)
9237,6.836555059905314e-05,(1999)
9254,6.836555059905314e-05,(2013)
9347,6.836555059905314e-05,(2010)
9351,6.836555059905314e-05,(2010)
38945,6.836555059905314e-05,(2009)
3895,6.836555059905314e-05,(2008)
39317,6.836555059905314e-05,(1995)
39463,6.836555059905314e-05,(2008)
39485,6.836555059905314e-05,(2009)
39584,6.836555059905314e-05,(2005)
39662,6.836555059905314e-05,(2007)
10231,6.836555059905314e-05,(2009)
10757,6.836555059905314e-05,(2011)
4250,6.836555059905314e-05,(2009)
11134,6.836555059905314e-05,(2006)
4749,6.836555059905314e-05,(2011)
11351,6.836555059905314e-05,(2008)
11851,6.836555059905314e-05,(2005)
12150,6.836555059905314e-05,(2010)
12234,6.836555059905314e-05,(2001)
12397,6.836555059905314e-05,(2013)
6709,6.836555059905314e-05,(2008)
6801,6.836555059905314e-05,(2011)
7296,6.836555059905314e-05,(2009)
7420,6.836555059905314e-05,(1999)
15287,6.836555059905314e-05,(2008)
15348,6.836555059905314e-05,(2007)
16535,6.836555059905314e-05,(2005)
16551,6.836555059905314e-05,(2007)
16723,6.836555059905314e-05,(2011)
16744,6.836555059905314e-05,(2010)
16769,6.836555059905314e-05,(2010)
16773,6.836555059905314e-05,(2006)
16892,6.836555059905314e-05,(2003)
17007,6.836555059905314e-05,(2006)
17061,6.836555059905314e-05,(2006)
17587,6.836555059905314e-05,(2013)
172,6.836555059905314e-05,(2010)
1782,6.836555059905314e-05,(1990)
18940,6.836555059905314e-05,(2006)
19094,6.836555059905314e-05,(2006)
1831,6.836555059905314e-05,(1978)
19517,6.836555059905314e-05,(2007)
19520,6.836555059905314e-05,(2009)
19640,6.836555059905314e-05,(2002)
19704,6.836555059905314e-05,(1986)
1853,6.836555059905314e-05,(1984)
19977,6.836555059905314e-05,(1986)
19990,6.836555059905314e-05,(1986)
20018,6.836555059905314e-05,(1981)
1907,6.836555059905314e-05,(1980)
20360,6.836555059905314e-05,(2008)
20396,6.836555059905314e-05,(2008)
20598,6.836555059905314e-05,(1997)
20662,6.836555059905314e-05,(2009)
21380,6.836555059905314e-05,(2010)
21414,6.836555059905314e-05,(1989)
22514,6.836555059905314e-05,(2008)
22760,6.836555059905314e-05,(2012)
22761,6.836555059905314e-05,(2012)
22867,6.836555059905314e-05,(1996)
22979,6.836555059905314e-05,(2013)
23584,6.836555059905314e-05,(2012)
23640,6.836555059905314e-05,(2010)
23686,6.836555059905314e-05,(2012)
24313,6.836555059905314e-05,(2013)
24319,6.836555059905314e-05,(2013)
25014,6.836555059905314e-05,(2009)
25378,6.836555059905314e-05,(2010)
25994,6.836555059905314e-05,(2005)
26231,6.836555059905314e-05,(2007)
26289,6.836555059905314e-05,(1980)
26433,6.836555059905314e-05,(1979)
26742,6.836555059905314e-05,(2010)
26924,6.836555059905314e-05,(2004)
26933,6.836555059905314e-05,(2004)
26943,6.836555059905314e-05,(2008)
27144,6.836555059905314e-05,(2007)
27173,6.836555059905314e-05,(2005)
27718,6.836555059905314e-05,(2009)
28100,6.836555059905314e-05,(2011)
28664,6.836555059905314e-05,(2009)
2640,6.836555059905314e-05,(2001)
29167,6.836555059905314e-05,(2013)
29459,6.836555059905314e-05,(2007)
29511,6.836555059905314e-05,(2000)
29709,6.836555059905314e-05,(2013)
30234,6.836555059905314e-05,(2009)
2779,6.836555059905314e-05,(2005)
31096,6.836555059905314e-05,(2011)
31739,6.836555059905314e-05,(2012)
2966,6.836555059905314e-05,(2009)
32706,6.836555059905314e-05,(2012)
32931,6.836555059905314e-05,(1999)
33056,6.836555059905314e-05,(2004)
33117,6.836555059905314e-05,(2006)
33279,6.836555059905314e-05,(2007)
33374,6.836555059905314e-05,(2009)
33539,6.836555059905314e-05,(2015)
34823,6.836555059905314e-05,(2008)
35373,6.836555059905314e-05,(2003)
35380,6.836555059905314e-05,(2005)
35382,6.836555059905314e-05,(2007)
36047,6.836555059905314e-05,(1999)
36916,6.836555059905314e-05,(1997)
8211,5.98198567741715e-05,(2012)
37955,5.98198567741715e-05,(2009)
933,5.98198567741715e-05,(2010)
8513,5.98198567741715e-05,(2010)
935,5.98198567741715e-05,(2010)
38416,5.98198567741715e-05,(2011)
8938,5.98198567741715e-05,(2014)
9001,5.98198567741715e-05,(2007)
9154,5.98198567741715e-05,(2005)
9175,5.98198567741715e-05,(1985)
9182,5.98198567741715e-05,(1991)
9206,5.98198567741715e-05,(2005)
9217,5.98198567741715e-05,(2013)
3870,5.98198567741715e-05,(1978)
3884,5.98198567741715e-05,(2008)
9664,5.98198567741715e-05,(1986)
39528,5.98198567741715e-05,(2009)
39661,5.98198567741715e-05,(1994)
39884,5.98198567741715e-05,(2001)
39915,5.98198567741715e-05,(2010)
39955,5.98198567741715e-05,(2001)
11144,5.98198567741715e-05,(2007)
682,5.98198567741715e-05,(2010)
11610,5.98198567741715e-05,(1988)
11626,5.98198567741715e-05,(2002)
11829,5.98198567741715e-05,(2005)
11920,5.98198567741715e-05,(2006)
5351,5.98198567741715e-05,(2009)
5985,5.98198567741715e-05,(2010)
6308,5.98198567741715e-05,(1992)
13240,5.98198567741715e-05,(2004)
6662,5.98198567741715e-05,(2008)
6820,5.98198567741715e-05,(2011)
7248,5.98198567741715e-05,(2007)
7253,5.98198567741715e-05,(2012)
13989,5.98198567741715e-05,(2011)
7576,5.98198567741715e-05,(2017)
7577,5.98198567741715e-05,(2009)
7610,5.98198567741715e-05,(2009)
7658,5.98198567741715e-05,(2010)
14367,5.98198567741715e-05,(2005)
15383,5.98198567741715e-05,(2007)
16090,5.98198567741715e-05,(2009)
16700,5.98198567741715e-05,(2009)
16709,5.98198567741715e-05,(2007)
16710,5.98198567741715e-05,(2009)
16862,5.98198567741715e-05,(2010)
17000,5.98198567741715e-05,(2000)
18143,5.98198567741715e-05,(2008)
18145,5.98198567741715e-05,(2008)
18538,5.98198567741715e-05,(2012)
18839,5.98198567741715e-05,(2010)
18871,5.98198567741715e-05,(2010)
18879,5.98198567741715e-05,(2000)
19092,5.98198567741715e-05,(2006)
1822,5.98198567741715e-05,(1974)
19497,5.98198567741715e-05,(2009)
19578,5.98198567741715e-05,(1990)
19657,5.98198567741715e-05,(1992)
1860,5.98198567741715e-05,(1982)
19981,5.98198567741715e-05,(1985)
20048,5.98198567741715e-05,(1974)
20051,5.98198567741715e-05,(1975)
20052,5.98198567741715e-05,(1975)
20056,5.98198567741715e-05,(1973)
20057,5.98198567741715e-05,(1975)
20073,5.98198567741715e-05,(1975)
1916,5.98198567741715e-05,(1988)
1917,5.98198567741715e-05,(1988)
20367,5.98198567741715e-05,(2006)
20387,5.98198567741715e-05,(2006)
20440,5.98198567741715e-05,(1995)
20499,5.98198567741715e-05,(1997)
20659,5.98198567741715e-05,(2005)
20864,5.98198567741715e-05,(1984)
20865,5.98198567741715e-05,(1991)
20903,5.98198567741715e-05,(1991)
20916,5.98198567741715e-05,(1984)
20929,5.98198567741715e-05,(1983)
21084,5.98198567741715e-05,(2008)
21360,5.98198567741715e-05,(1992)
21376,5.98198567741715e-05,(1997)
21921,5.98198567741715e-05,(1998)
22183,5.98198567741715e-05,(2012)
23109,5.98198567741715e-05,(2012)
23112,5.98198567741715e-05,(2012)
2155,5.98198567741715e-05,(2012)
23625,5.98198567741715e-05,(2013)
23632,5.98198567741715e-05,(2010)
23679,5.98198567741715e-05,(2012)
24703,5.98198567741715e-05,(2004)
24980,5.98198567741715e-05,(2004)
25215,5.98198567741715e-05,(2009)
25217,5.98198567741715e-05,(2009)
25386,5.98198567741715e-05,(2010)
26701,5.98198567741715e-05,(2009)
26947,5.98198567741715e-05,(2007)
27127,5.98198567741715e-05,(2003)
27162,5.98198567741715e-05,(2011)
27520,5.98198567741715e-05,(2006)
27724,5.98198567741715e-05,(1998)
27768,5.98198567741715e-05,(2009)
28313,5.98198567741715e-05,(1999)
28992,5.98198567741715e-05,(2002)
29025,5.98198567741715e-05,(2006)
29031,5.98198567741715e-05,(2011)
29040,5.98198567741715e-05,(2007)
29044,5.98198567741715e-05,(2011)
2651,5.98198567741715e-05,(2007)
29382,5.98198567741715e-05,(2007)
29733,5.98198567741715e-05,(1987)
29993,5.98198567741715e-05,(1982)
30246,5.98198567741715e-05,(2012)
30680,5.98198567741715e-05,(2011)
31713,5.98198567741715e-05,(2012)
32376,5.98198567741715e-05,(1984)
3095,5.98198567741715e-05,(2013)
32936,5.98198567741715e-05,(1994)
32942,5.98198567741715e-05,(1994)
32957,5.98198567741715e-05,(2003)
33197,5.98198567741715e-05,(2008)
33509,5.98198567741715e-05,(2015)
33531,5.98198567741715e-05,(2007)
33534,5.98198567741715e-05,(2009)
33956,5.98198567741715e-05,(2009)
33960,5.98198567741715e-05,(2009)
3188,5.98198567741715e-05,(2001)
3258,5.98198567741715e-05,(2011)
3343,5.98198567741715e-05,(2012)
34701,5.98198567741715e-05,(2007)
34956,5.98198567741715e-05,(2010)
35189,5.98198567741715e-05,(2004)
35205,5.98198567741715e-05,(1999)
35366,5.98198567741715e-05,(2005)
35394,5.98198567741715e-05,(2005)
36038,5.98198567741715e-05,(2008)
36521,5.98198567741715e-05,(2002)
36917,5.98198567741715e-05,(1997)
37204,5.98198567741715e-05,(2011)
3584,5.98198567741715e-05,(2012)
8654,5.1274162949289855e-05,(1997)
8935,5.1274162949289855e-05,(2005)
38484,5.1274162949289855e-05,(2006)
38547,5.1274162949289855e-05,(2008)
9134,5.1274162949289855e-05,(1991)
38704,5.1274162949289855e-05,(2004)
38732,5.1274162949289855e-05,(2010)
9353,5.1274162949289855e-05,(2010)
9390,5.1274162949289855e-05,(2010)
38983,5.1274162949289855e-05,(1981)
39104,5.1274162949289855e-05,(2011)
39412,5.1274162949289855e-05,(1991)
39480,5.1274162949289855e-05,(2010)
39481,5.1274162949289855e-05,(2010)
39490,5.1274162949289855e-05,(2003)
39603,5.1274162949289855e-05,(2009)
39676,5.1274162949289855e-05,(2002)
39869,5.1274162949289855e-05,(1997)
39879,5.1274162949289855e-05,(2010)
39880,5.1274162949289855e-05,(1995)
39938,5.1274162949289855e-05,(1995)
4246,5.1274162949289855e-05,(2009)
10984,5.1274162949289855e-05,(2010)
11053,5.1274162949289855e-05,(2012)
4750,5.1274162949289855e-05,(2011)
11350,5.1274162949289855e-05,(2008)
11352,5.1274162949289855e-05,(2010)
551,5.1274162949289855e-05,(2005)
11644,5.1274162949289855e-05,(1988)
11692,5.1274162949289855e-05,(2006)
5061,5.1274162949289855e-05,(2000)
11824,5.1274162949289855e-05,(2001)
5444,5.1274162949289855e-05,(1982)
12242,5.1274162949289855e-05,(2004)
12871,5.1274162949289855e-05,(2012)
13330,5.1274162949289855e-05,(2001)
6930,5.1274162949289855e-05,(2009)
7233,5.1274162949289855e-05,(2012)
7250,5.1274162949289855e-05,(1995)
7311,5.1274162949289855e-05,(1999)
7384,5.1274162949289855e-05,(2007)
7387,5.1274162949289855e-05,(2001)
7422,5.1274162949289855e-05,(2007)
7430,5.1274162949289855e-05,(2010)
14186,5.1274162949289855e-05,(2010)
7583,5.1274162949289855e-05,(2007)
7623,5.1274162949289855e-05,(2007)
7898,5.1274162949289855e-05,(2012)
16583,5.1274162949289855e-05,(1997)
16757,5.1274162949289855e-05,(2006)
16781,5.1274162949289855e-05,(2004)
16867,5.1274162949289855e-05,(2008)
16933,5.1274162949289855e-05,(2003)
16974,5.1274162949289855e-05,(2000)
17021,5.1274162949289855e-05,(2006)
17105,5.1274162949289855e-05,(2000)
1761,5.1274162949289855e-05,(1974)
18524,5.1274162949289855e-05,(2012)
18800,5.1274162949289855e-05,(2012)
18878,5.1274162949289855e-05,(2000)
18883,5.1274162949289855e-05,(2010)
1810,5.1274162949289855e-05,(1987)
19088,5.1274162949289855e-05,(2006)
19293,5.1274162949289855e-05,(2008)
19333,5.1274162949289855e-05,(2011)
19514,5.1274162949289855e-05,(2009)
19565,5.1274162949289855e-05,(2002)
19566,5.1274162949289855e-05,(1996)
19577,5.1274162949289855e-05,(1988)
19729,5.1274162949289855e-05,(1986)
19748,5.1274162949289855e-05,(1990)
19800,5.1274162949289855e-05,(1990)
20063,5.1274162949289855e-05,(1975)
20064,5.1274162949289855e-05,(1974)
20111,5.1274162949289855e-05,(2012)
20493,5.1274162949289855e-05,(2003)
20661,5.1274162949289855e-05,(2009)
21118,5.1274162949289855e-05,(1995)
21391,5.1274162949289855e-05,(1997)
21887,5.1274162949289855e-05,(2009)
21936,5.1274162949289855e-05,(1991)
22152,5.1274162949289855e-05,(2014)
22298,5.1274162949289855e-05,(2013)
22299,5.1274162949289855e-05,(2013)
22765,5.1274162949289855e-05,(2012)
23295,5.1274162949289855e-05,(2013)
23521,5.1274162949289855e-05,(2015)
23533,5.1274162949289855e-05,(2012)
23588,5.1274162949289855e-05,(2012)
23637,5.1274162949289855e-05,(2010)
23643,5.1274162949289855e-05,(2010)
25001,5.1274162949289855e-05,(2006)
25224,5.1274162949289855e-05,(2009)
25593,5.1274162949289855e-05,(2001)
25605,5.1274162949289855e-05,(2012)
25644,5.1274162949289855e-05,(2006)
26017,5.1274162949289855e-05,(2008)
26221,5.1274162949289855e-05,(2007)
2477,5.1274162949289855e-05,(2007)
2480,5.1274162949289855e-05,(1998)
26437,5.1274162949289855e-05,(1979)
26576,5.1274162949289855e-05,(2010)
26741,5.1274162949289855e-05,(2010)
2506,5.1274162949289855e-05,(2010)
27749,5.1274162949289855e-05,(1998)
28307,5.1274162949289855e-05,(1999)
28430,5.1274162949289855e-05,(2009)
28657,5.1274162949289855e-05,(1996)
28666,5.1274162949289855e-05,(2009)
28954,5.1274162949289855e-05,(2007)
29014,5.1274162949289855e-05,(2007)
29166,5.1274162949289855e-05,(2013)
29420,5.1274162949289855e-05,(1976)
29959,5.1274162949289855e-05,(1983)
30674,5.1274162949289855e-05,(2008)
31102,5.1274162949289855e-05,(2004)
32025,5.1274162949289855e-05,(2001)
32191,5.1274162949289855e-05,(2001)
32965,5.1274162949289855e-05,(1994)
33099,5.1274162949289855e-05,(2004)
33469,5.1274162949289855e-05,(2015)
3141,5.1274162949289855e-05,(2001)
3222,5.1274162949289855e-05,(1999)
3249,5.1274162949289855e-05,(1999)
35217,5.1274162949289855e-05,(1999)
35889,5.1274162949289855e-05,(2007)
36068,5.1274162949289855e-05,(1999)
36525,5.1274162949289855e-05,(2002)
36799,5.1274162949289855e-05,(2000)
37101,5.1274162949289855e-05,(2011)
37143,5.1274162949289855e-05,(2004)
37198,5.1274162949289855e-05,(2011)
3587,5.1274162949289855e-05,(2012)
37941,4.272846912440821e-05,(2009)
37966,4.272846912440821e-05,(2005)
37967,4.272846912440821e-05,(2009)
8676,4.272846912440821e-05,(2001)
38438,4.272846912440821e-05,(2008)
8959,4.272846912440821e-05,(2010)
8966,4.272846912440821e-05,(2014)
38571,4.272846912440821e-05,(2006)
9086,4.272846912440821e-05,(2005)
9100,4.272846912440821e-05,(2003)
9150,4.272846912440821e-05,(2003)
38693,4.272846912440821e-05,(2004)
9236,4.272846912440821e-05,(2008)
9252,4.272846912440821e-05,(2013)
9354,4.272846912440821e-05,(2010)
38947,4.272846912440821e-05,(2006)
104,4.272846912440821e-05,(2013)
39364,4.272846912440821e-05,(2010)
39514,4.272846912440821e-05,(2012)
39526,4.272846912440821e-05,(1998)
39527,4.272846912440821e-05,(2008)
10088,4.272846912440821e-05,(2016)
39604,4.272846912440821e-05,(2005)
39729,4.272846912440821e-05,(2010)
39878,4.272846912440821e-05,(2010)
10356,4.272846912440821e-05,(2006)
39929,4.272846912440821e-05,(2010)
4310,4.272846912440821e-05,(1975)
10982,4.272846912440821e-05,(2010)
10998,4.272846912440821e-05,(2012)
11137,4.272846912440821e-05,(2007)
11355,4.272846912440821e-05,(2008)
11827,4.272846912440821e-05,(2005)
5436,4.272846912440821e-05,(1982)
5442,4.272846912440821e-05,(1981)
5470,4.272846912440821e-05,(1982)
12139,4.272846912440821e-05,(2010)
5668,4.272846912440821e-05,(2006)
12396,4.272846912440821e-05,(2013)
12471,4.272846912440821e-05,(1990)
12671,4.272846912440821e-05,(2010)
6242,4.272846912440821e-05,(1995)
13286,4.272846912440821e-05,(2009)
6908,4.272846912440821e-05,(2009)
7171,4.272846912440821e-05,(2012)
7173,4.272846912440821e-05,(2012)
7257,4.272846912440821e-05,(2005)
13924,4.272846912440821e-05,(1990)
7286,4.272846912440821e-05,(2002)
7345,4.272846912440821e-05,(1998)
7346,4.272846912440821e-05,(2010)
14195,4.272846912440821e-05,(2010)
1373,4.272846912440821e-05,(2010)
7582,4.272846912440821e-05,(2009)
7609,4.272846912440821e-05,(2007)
15363,4.272846912440821e-05,(2009)
15375,4.272846912440821e-05,(2009)
15390,4.272846912440821e-05,(2007)
15395,4.272846912440821e-05,(2000)
15854,4.272846912440821e-05,(2010)
16905,4.272846912440821e-05,(2003)
16912,4.272846912440821e-05,(1988)
17070,4.272846912440821e-05,(2006)
17085,4.272846912440821e-05,(2000)
17416,4.272846912440821e-05,(2010)
18541,4.272846912440821e-05,(2012)
18803,4.272846912440821e-05,(2012)
18808,4.272846912440821e-05,(2012)
1799,4.272846912440821e-05,(2010)
19068,4.272846912440821e-05,(2011)
19082,4.272846912440821e-05,(2005)
19091,4.272846912440821e-05,(2006)
19096,4.272846912440821e-05,(2005)
19261,4.272846912440821e-05,(2012)
1843,4.272846912440821e-05,(1974)
19546,4.272846912440821e-05,(1992)
1852,4.272846912440821e-05,(1982)
19662,4.272846912440821e-05,(1984)
19671,4.272846912440821e-05,(1984)
19705,4.272846912440821e-05,(2002)
19710,4.272846912440821e-05,(2002)
1881,4.272846912440821e-05,(1981)
20042,4.272846912440821e-05,(1973)
20070,4.272846912440821e-05,(1974)
1901,4.272846912440821e-05,(1987)
20376,4.272846912440821e-05,(2006)
20379,4.272846912440821e-05,(2008)
20380,4.272846912440821e-05,(2008)
20520,4.272846912440821e-05,(2009)
20521,4.272846912440821e-05,(2009)
20530,4.272846912440821e-05,(1997)
20626,4.272846912440821e-05,(2005)
1947,4.272846912440821e-05,(2007)
21326,4.272846912440821e-05,(2010)
21328,4.272846912440821e-05,(2010)
21334,4.272846912440821e-05,(1989)
21350,4.272846912440821e-05,(2010)
21411,4.272846912440821e-05,(2005)
21909,4.272846912440821e-05,(1998)
22000,4.272846912440821e-05,(1980)
22434,4.272846912440821e-05,(2003)
22450,4.272846912440821e-05,(2008)
23589,4.272846912440821e-05,(2012)
24315,4.272846912440821e-05,(2013)
24741,4.272846912440821e-05,(2000)
24756,4.272846912440821e-05,(2000)
25375,4.272846912440821e-05,(2010)
25597,4.272846912440821e-05,(2012)
25640,4.272846912440821e-05,(2001)
25990,4.272846912440821e-05,(2003)
26006,4.272846912440821e-05,(2003)
26026,4.272846912440821e-05,(2009)
26217,4.272846912440821e-05,(2007)
26305,4.272846912440821e-05,(2006)
2470,4.272846912440821e-05,(1998)
2490,4.272846912440821e-05,(1998)
26694,4.272846912440821e-05,(2009)
26748,4.272846912440821e-05,(2010)
2502,4.272846912440821e-05,(2007)
2509,4.272846912440821e-05,(2010)
27117,4.272846912440821e-05,(2002)
27131,4.272846912440821e-05,(2005)
27160,4.272846912440821e-05,(2011)
28099,4.272846912440821e-05,(2011)
28142,4.272846912440821e-05,(2011)
28905,4.272846912440821e-05,(2006)
28978,4.272846912440821e-05,(2002)
29163,4.272846912440821e-05,(2013)
29477,4.272846912440821e-05,(1982)
29547,4.272846912440821e-05,(1976)
29743,4.272846912440821e-05,(1987)
29926,4.272846912440821e-05,(1983)
30002,4.272846912440821e-05,(1983)
30202,4.272846912440821e-05,(2008)
30690,4.272846912440821e-05,(2002)
2762,4.272846912440821e-05,(2008)
30792,4.272846912440821e-05,(2010)
31080,4.272846912440821e-05,(2011)
31085,4.272846912440821e-05,(2004)
31299,4.272846912440821e-05,(2017)
31572,4.272846912440821e-05,(2010)
31587,4.272846912440821e-05,(2010)
31715,4.272846912440821e-05,(2012)
32068,4.272846912440821e-05,(2007)
32293,4.272846912440821e-05,(1995)
32831,4.272846912440821e-05,(2010)
32879,4.272846912440821e-05,(2008)
32923,4.272846912440821e-05,(2010)
33080,4.272846912440821e-05,(2004)
33104,4.272846912440821e-05,(2006)
33201,4.272846912440821e-05,(2008)
33263,4.272846912440821e-05,(2009)
33272,4.272846912440821e-05,(2010)
33378,4.272846912440821e-05,(2003)
33449,4.272846912440821e-05,(2010)
33458,4.272846912440821e-05,(2010)
33494,4.272846912440821e-05,(2007)
3353,4.272846912440821e-05,(2012)
34821,4.272846912440821e-05,(2008)
35250,4.272846912440821e-05,(2012)
35357,4.272846912440821e-05,(2010)
35381,4.272846912440821e-05,(2005)
405,4.272846912440821e-05,(2015)
36012,4.272846912440821e-05,(1994)
37042,4.272846912440821e-05,(2013)
37083,4.272846912440821e-05,(1998)
37132,4.272846912440821e-05,(2009)
3585,4.272846912440821e-05,(2012)
8210,3.418277529952657e-05,(2012)
37944,3.418277529952657e-05,(2009)
934,3.418277529952657e-05,(2010)
8612,3.418277529952657e-05,(2004)
8613,3.418277529952657e-05,(2008)
3726,3.418277529952657e-05,(2012)
3733,3.418277529952657e-05,(2012)
8962,3.418277529952657e-05,(2014)
9071,3.418277529952657e-05,(1983)
9211,3.418277529952657e-05,(2005)
38696,3.418277529952657e-05,(2004)
9215,3.418277529952657e-05,(2008)
87,3.418277529952657e-05,(212)
3842,3.418277529952657e-05,(2008)
9728,3.418277529952657e-05,(1982)
9826,3.418277529952657e-05,(1986)
39357,3.418277529952657e-05,(1986)
39363,3.418277529952657e-05,(2010)
39469,3.418277529952657e-05,(2012)
39496,3.418277529952657e-05,(1989)
39499,3.418277529952657e-05,(2003)
39522,3.418277529952657e-05,(2012)
39671,3.418277529952657e-05,(2002)
39703,3.418277529952657e-05,(2010)
10332,3.418277529952657e-05,(2006)
10335,3.418277529952657e-05,(2006)
10362,3.418277529952657e-05,(2004)
39901,3.418277529952657e-05,(2011)
39910,3.418277529952657e-05,(2011)
39959,3.418277529952657e-05,(2011)
10697,3.418277529952657e-05,(2010)
10699,3.418277529952657e-05,(2005)
10724,3.418277529952657e-05,(2008)
10958,3.418277529952657e-05,(2010)
11120,3.418277529952657e-05,(2007)
11139,3.418277529952657e-05,(2006)
4689,3.418277529952657e-05,(2005)
11204,3.418277529952657e-05,(2009)
4729,3.418277529952657e-05,(2013)
4757,3.418277529952657e-05,(2011)
4764,3.418277529952657e-05,(2012)
650,3.418277529952657e-05,(2010)
691,3.418277529952657e-05,(2010)
5031,3.418277529952657e-05,(2000)
5064,3.418277529952657e-05,(2012)
11909,3.418277529952657e-05,(2008)
11910,3.418277529952657e-05,(2008)
11919,3.418277529952657e-05,(2016)
11924,3.418277529952657e-05,(2006)
11940,3.418277529952657e-05,(2006)
5348,3.418277529952657e-05,(2009)
5447,3.418277529952657e-05,(1981)
12128,3.418277529952657e-05,(2010)
5574,3.418277529952657e-05,(2014)
5691,3.418277529952657e-05,(2005)
12455,3.418277529952657e-05,(2009)
12466,3.418277529952657e-05,(1990)
12487,3.418277529952657e-05,(1994)
12604,3.418277529952657e-05,(2010)
12866,3.418277529952657e-05,(2012)
12926,3.418277529952657e-05,(2009)
6282,3.418277529952657e-05,(1992)
6332,3.418277529952657e-05,(1992)
6530,3.418277529952657e-05,(2012)
13215,3.418277529952657e-05,(2013)
13262,3.418277529952657e-05,(2010)
6696,3.418277529952657e-05,(2006)
6919,3.418277529952657e-05,(2009)
7236,3.418277529952657e-05,(1995)
7239,3.418277529952657e-05,(2011)
7260,3.418277529952657e-05,(2002)
7279,3.418277529952657e-05,(2009)
7288,3.418277529952657e-05,(2003)
7291,3.418277529952657e-05,(2010)
13987,3.418277529952657e-05,(2011)
13999,3.418277529952657e-05,(2011)
7379,3.418277529952657e-05,(2003)
7403,3.418277529952657e-05,(1995)
7407,3.418277529952657e-05,(2009)
7429,3.418277529952657e-05,(2012)
7443,3.418277529952657e-05,(2009)
7578,3.418277529952657e-05,(2009)
14424,3.418277529952657e-05,(2005)
8016,3.418277529952657e-05,(1997)
1403,3.418277529952657e-05,(2012)
15292,3.418277529952657e-05,(2008)
1405,3.418277529952657e-05,(2012)
15351,3.418277529952657e-05,(2000)
1409,3.418277529952657e-05,(2012)
15858,3.418277529952657e-05,(2010)
16661,3.418277529952657e-05,(2010)
16724,3.418277529952657e-05,(2007)
16798,3.418277529952657e-05,(2010)
16800,3.418277529952657e-05,(2010)
16809,3.418277529952657e-05,(2009)
16813,3.418277529952657e-05,(2010)
17360,3.418277529952657e-05,(2012)
17417,3.418277529952657e-05,(2010)
1748,3.418277529952657e-05,(1984)
1770,3.418277529952657e-05,(1987)
18136,3.418277529952657e-05,(2010)
18141,3.418277529952657e-05,(2014)
18142,3.418277529952657e-05,(2008)
18154,3.418277529952657e-05,(2010)
18160,3.418277529952657e-05,(2014)
18718,3.418277529952657e-05,(2010)
18857,3.418277529952657e-05,(2000)
18932,3.418277529952657e-05,(2006)
1800,3.418277529952657e-05,(1974)
1819,3.418277529952657e-05,(1987)
19076,3.418277529952657e-05,(2008)
19089,3.418277529952657e-05,(2005)
19097,3.418277529952657e-05,(2008)
19263,3.418277529952657e-05,(2012)
19337,3.418277529952657e-05,(2007)
19351,3.418277529952657e-05,(2009)
19495,3.418277529952657e-05,(2009)
19515,3.418277529952657e-05,(2009)
19518,3.418277529952657e-05,(2009)
19543,3.418277529952657e-05,(1988)
19554,3.418277529952657e-05,(1979)
19737,3.418277529952657e-05,(1979)
1854,3.418277529952657e-05,(2005)
1855,3.418277529952657e-05,(2010)
19988,3.418277529952657e-05,(1981)
20061,3.418277529952657e-05,(1974)
1905,3.418277529952657e-05,(1984)
20106,3.418277529952657e-05,(2012)
20366,3.418277529952657e-05,(2006)
20481,3.418277529952657e-05,(1997)
20491,3.418277529952657e-05,(2012)
20599,3.418277529952657e-05,(2005)
20613,3.418277529952657e-05,(2009)
20634,3.418277529952657e-05,(1999)
20648,3.418277529952657e-05,(2009)
20928,3.418277529952657e-05,(1991)
177,3.418277529952657e-05,(2010)
21067,3.418277529952657e-05,(1995)
21103,3.418277529952657e-05,(2008)
21361,3.418277529952657e-05,(2005)
22145,3.418277529952657e-05,(2011)
22453,3.418277529952657e-05,(2008)
22461,3.418277529952657e-05,(2009)
22871,3.418277529952657e-05,(1996)
23297,3.418277529952657e-05,(2013)
23301,3.418277529952657e-05,(2013)
23631,3.418277529952657e-05,(2010)
23635,3.418277529952657e-05,(2010)
23645,3.418277529952657e-05,(2010)
23681,3.418277529952657e-05,(2012)
23743,3.418277529952657e-05,(2010)
24400,3.418277529952657e-05,(2009)
24682,3.418277529952657e-05,(2007)
24986,3.418277529952657e-05,(2009)
25035,3.418277529952657e-05,(2003)
2334,3.418277529952657e-05,(2012)
25629,3.418277529952657e-05,(2006)
25663,3.418277529952657e-05,(2004)
26086,3.418277529952657e-05,(2011)
26210,3.418277529952657e-05,(2007)
26298,3.418277529952657e-05,(1978)
26325,3.418277529952657e-05,(2010)
26356,3.418277529952657e-05,(1980)
2472,3.418277529952657e-05,(2007)
26496,3.418277529952657e-05,(2010)
26679,3.418277529952657e-05,(2009)
26912,3.418277529952657e-05,(2008)
26936,3.418277529952657e-05,(2007)
27099,3.418277529952657e-05,(2003)
27142,3.418277529952657e-05,(2011)
27490,3.418277529952657e-05,(2004)
27523,3.418277529952657e-05,(2006)
28238,3.418277529952657e-05,(2012)
28262,3.418277529952657e-05,(2012)
28405,3.418277529952657e-05,(2009)
2639,3.418277529952657e-05,(2001)
29051,3.418277529952657e-05,(2007)
29053,3.418277529952657e-05,(2007)
29054,3.418277529952657e-05,(2006)
29063,3.418277529952657e-05,(2011)
29066,3.418277529952657e-05,(2011)
29406,3.418277529952657e-05,(2000)
29726,3.418277529952657e-05,(2013)
29881,3.418277529952657e-05,(1983)
29946,3.418277529952657e-05,(1986)
30006,3.418277529952657e-05,(1983)
30027,3.418277529952657e-05,(1986)
30354,3.418277529952657e-05,(2012)
30682,3.418277529952657e-05,(2005)
30687,3.418277529952657e-05,(2005)
2774,3.418277529952657e-05,(2008)
31060,3.418277529952657e-05,(2009)
31484,3.418277529952657e-05,(2014)
31570,3.418277529952657e-05,(2010)
31593,3.418277529952657e-05,(2010)
2812,3.418277529952657e-05,(2005)
32019,3.418277529952657e-05,(2007)
32197,3.418277529952657e-05,(2001)
32209,3.418277529952657e-05,(2004)
32220,3.418277529952657e-05,(2001)
32259,3.418277529952657e-05,(1984)
32295,3.418277529952657e-05,(2009)
2951,3.418277529952657e-05,(2009)
32914,3.418277529952657e-05,(1995)
32930,3.418277529952657e-05,(1994)
33092,3.418277529952657e-05,(2006)
33105,3.418277529952657e-05,(2006)
33125,3.418277529952657e-05,(2009)
33292,3.418277529952657e-05,(2011)
33317,3.418277529952657e-05,(2009)
33475,3.418277529952657e-05,(2007)
33485,3.418277529952657e-05,(2010)
33529,3.418277529952657e-05,(2011)
3144,3.418277529952657e-05,(1999)
3167,3.418277529952657e-05,(2011)
3211,3.418277529952657e-05,(1999)
3345,3.418277529952657e-05,(2012)
34712,3.418277529952657e-05,(2007)
34824,3.418277529952657e-05,(2008)
34829,3.418277529952657e-05,(2008)
34830,3.418277529952657e-05,(2008)
34963,3.418277529952657e-05,(2010)
35029,3.418277529952657e-05,(2009)
35219,3.418277529952657e-05,(1999)
35253,3.418277529952657e-05,(2012)
35374,3.418277529952657e-05,(2005)
35871,3.418277529952657e-05,(2007)
35872,3.418277529952657e-05,(2002)
35888,3.418277529952657e-05,(2002)
35901,3.418277529952657e-05,(2002)
35910,3.418277529952657e-05,(2005)
36031,3.418277529952657e-05,(1994)
36036,3.418277529952657e-05,(2008)
36058,3.418277529952657e-05,(2008)
36121,3.418277529952657e-05,(2010)
36882,3.418277529952657e-05,(2007)
36930,3.418277529952657e-05,(2009)
37077,3.418277529952657e-05,(1995)
8221,2.5637081474644928e-05,(2012)
37935,2.5637081474644928e-05,(1993)
37938,2.5637081474644928e-05,(2005)
37956,2.5637081474644928e-05,(2005)
37957,2.5637081474644928e-05,(1993)
936,2.5637081474644928e-05,(2010)
38437,2.5637081474644928e-05,(2005)
3747,2.5637081474644928e-05,(2012)
8932,2.5637081474644928e-05,(2005)
8948,2.5637081474644928e-05,(2014)
8949,2.5637081474644928e-05,(2010)
8964,2.5637081474644928e-05,(2010)
8967,2.5637081474644928e-05,(2005)
38489,2.5637081474644928e-05,(2006)
8983,2.5637081474644928e-05,(2005)
38511,2.5637081474644928e-05,(2010)
8998,2.5637081474644928e-05,(2005)
38531,2.5637081474644928e-05,(2010)
9244,2.5637081474644928e-05,(1999)
9256,2.5637081474644928e-05,(2005)
38729,2.5637081474644928e-05,(2010)
9388,2.5637081474644928e-05,(2010)
9405,2.5637081474644928e-05,(2010)
38886,2.5637081474644928e-05,(2009)
38906,2.5637081474644928e-05,(2009)
3858,2.5637081474644928e-05,(1980)
3879,2.5637081474644928e-05,(2008)
9618,2.5637081474644928e-05,(1986)
3890,2.5637081474644928e-05,(1978)
3897,2.5637081474644928e-05,(2008)
39103,2.5637081474644928e-05,(2011)
39322,2.5637081474644928e-05,(1995)
39325,2.5637081474644928e-05,(1995)
39329,2.5637081474644928e-05,(1995)
39400,2.5637081474644928e-05,(1995)
39468,2.5637081474644928e-05,(2012)
39471,2.5637081474644928e-05,(1998)
39473,2.5637081474644928e-05,(2001)
10096,2.5637081474644928e-05,(2013)
39657,2.5637081474644928e-05,(2002)
39691,2.5637081474644928e-05,(2007)
39857,2.5637081474644928e-05,(1997)
39860,2.5637081474644928e-05,(2011)
10352,2.5637081474644928e-05,(2004)
10353,2.5637081474644928e-05,(2004)
39900,2.5637081474644928e-05,(2010)
39913,2.5637081474644928e-05,(1995)
39954,2.5637081474644928e-05,(1995)
10729,2.5637081474644928e-05,(2005)
10742,2.5637081474644928e-05,(2011)
10747,2.5637081474644928e-05,(2008)
10759,2.5637081474644928e-05,(2010)
4251,2.5637081474644928e-05,(2009)
11121,2.5637081474644928e-05,(2007)
4695,2.5637081474644928e-05,(2012)
4746,2.5637081474644928e-05,(2011)
11357,2.5637081474644928e-05,(2008)
11362,2.5637081474644928e-05,(2008)
624,2.5637081474644928e-05,(2010)
683,2.5637081474644928e-05,(2010)
5056,2.5637081474644928e-05,(2002)
11767,2.5637081474644928e-05,(2011)
11833,2.5637081474644928e-05,(2008)
11848,2.5637081474644928e-05,(2005)
5220,2.5637081474644928e-05,(2013)
5238,2.5637081474644928e-05,(2009)
5247,2.5637081474644928e-05,(2009)
11899,2.5637081474644928e-05,(2004)
5361,2.5637081474644928e-05,(2009)
5443,2.5637081474644928e-05,(1981)
12216,2.5637081474644928e-05,(1999)
5572,2.5637081474644928e-05,(2014)
12233,2.5637081474644928e-05,(2001)
12244,2.5637081474644928e-05,(2010)
12252,2.5637081474644928e-05,(2004)
12255,2.5637081474644928e-05,(2004)
5677,2.5637081474644928e-05,(2005)
5693,2.5637081474644928e-05,(2006)
12398,2.5637081474644928e-05,(2013)
12545,2.5637081474644928e-05,(2010)
12882,2.5637081474644928e-05,(2009)
6258,2.5637081474644928e-05,(1995)
12923,2.5637081474644928e-05,(2009)
6294,2.5637081474644928e-05,(1993)
6519,2.5637081474644928e-05,(2012)
6525,2.5637081474644928e-05,(2012)
6533,2.5637081474644928e-05,(2012)
6534,2.5637081474644928e-05,(2012)
13214,2.5637081474644928e-05,(2013)
13269,2.5637081474644928e-05,(2008)
13275,2.5637081474644928e-05,(2010)
13289,2.5637081474644928e-05,(2010)
6707,2.5637081474644928e-05,(2011)
13731,2.5637081474644928e-05,(2009)
13732,2.5637081474644928e-05,(2009)
13839,2.5637081474644928e-05,(1990)
7232,2.5637081474644928e-05,(1995)
13919,2.5637081474644928e-05,(1974)
7280,2.5637081474644928e-05,(2001)
7294,2.5637081474644928e-05,(2005)
14002,2.5637081474644928e-05,(2011)
7333,2.5637081474644928e-05,(2007)
7358,2.5637081474644928e-05,(2011)
7381,2.5637081474644928e-05,(1998)
7436,2.5637081474644928e-05,(2011)
14196,2.5637081474644928e-05,(2010)
1371,2.5637081474644928e-05,(2010)
7590,2.5637081474644928e-05,(2007)
7891,2.5637081474644928e-05,(2012)
8008,2.5637081474644928e-05,(1997)
8013,2.5637081474644928e-05,(1997)
1394,2.5637081474644928e-05,(2012)
15703,2.5637081474644928e-05,(2011)
15707,2.5637081474644928e-05,(2011)
15847,2.5637081474644928e-05,(2010)
15952,2.5637081474644928e-05,(2010)
16144,2.5637081474644928e-05,(2009)
16521,2.5637081474644928e-05,(2003)
16695,2.5637081474644928e-05,(2007)
16703,2.5637081474644928e-05,(2011)
16728,2.5637081474644928e-05,(2012)
16738,2.5637081474644928e-05,(2007)
16743,2.5637081474644928e-05,(2011)
16796,2.5637081474644928e-05,(2006)
16857,2.5637081474644928e-05,(2003)
17355,2.5637081474644928e-05,(2012)
17410,2.5637081474644928e-05,(2010)
17413,2.5637081474644928e-05,(2010)
17909,2.5637081474644928e-05,(1987)
18551,2.5637081474644928e-05,(2012)
18799,2.5637081474644928e-05,(2012)
18813,2.5637081474644928e-05,(2006)
18816,2.5637081474644928e-05,(2000)
18817,2.5637081474644928e-05,(2010)
18824,2.5637081474644928e-05,(2010)
18843,2.5637081474644928e-05,(1997)
18866,2.5637081474644928e-05,(2010)
18880,2.5637081474644928e-05,(2010)
18936,2.5637081474644928e-05,(2008)
18939,2.5637081474644928e-05,(2008)
1809,2.5637081474644928e-05,(1980)
19066,2.5637081474644928e-05,(2005)
19075,2.5637081474644928e-05,(2008)
19078,2.5637081474644928e-05,(2011)
19119,2.5637081474644928e-05,(2010)
19266,2.5637081474644928e-05,(2012)
19491,2.5637081474644928e-05,(2007)
19501,2.5637081474644928e-05,(2009)
19562,2.5637081474644928e-05,(1988)
19572,2.5637081474644928e-05,(1978)
19576,2.5637081474644928e-05,(1990)
1887,2.5637081474644928e-05,(1976)
19960,2.5637081474644928e-05,(1980)
20055,2.5637081474644928e-05,(1973)
20084,2.5637081474644928e-05,(1975)
1902,2.5637081474644928e-05,(1985)
1909,2.5637081474644928e-05,(1998)
20107,2.5637081474644928e-05,(2012)
1911,2.5637081474644928e-05,(1974)
1914,2.5637081474644928e-05,(1981)
20381,2.5637081474644928e-05,(2008)
20398,2.5637081474644928e-05,(2008)
20470,2.5637081474644928e-05,(2003)
20489,2.5637081474644928e-05,(2009)
20510,2.5637081474644928e-05,(2009)
20601,2.5637081474644928e-05,(1997)
20607,2.5637081474644928e-05,(2005)
20887,2.5637081474644928e-05,(1984)
21086,2.5637081474644928e-05,(2011)
21339,2.5637081474644928e-05,(2010)
21358,2.5637081474644928e-05,(1997)
21415,2.5637081474644928e-05,(1992)
22017,2.5637081474644928e-05,(1987)
22133,2.5637081474644928e-05,(2011)
22171,2.5637081474644928e-05,(2012)
22297,2.5637081474644928e-05,(2013)
22502,2.5637081474644928e-05,(2003)
22762,2.5637081474644928e-05,(2012)
23300,2.5637081474644928e-05,(2013)
23508,2.5637081474644928e-05,(2012)
23537,2.5637081474644928e-05,(2015)
23581,2.5637081474644928e-05,(2012)
23901,2.5637081474644928e-05,(2011)
23990,2.5637081474644928e-05,(2013)
25026,2.5637081474644928e-05,(2011)
25030,2.5637081474644928e-05,(2006)
2331,2.5637081474644928e-05,(2012)
25651,2.5637081474644928e-05,(2008)
25653,2.5637081474644928e-05,(2001)
25987,2.5637081474644928e-05,(2009)
26226,2.5637081474644928e-05,(2005)
26317,2.5637081474644928e-05,(2006)
26330,2.5637081474644928e-05,(2010)
2483,2.5637081474644928e-05,(2007)
2486,2.5637081474644928e-05,(2002)
26692,2.5637081474644928e-05,(2009)
26700,2.5637081474644928e-05,(2009)
26753,2.5637081474644928e-05,(2010)
26918,2.5637081474644928e-05,(2007)
26931,2.5637081474644928e-05,(2007)
26935,2.5637081474644928e-05,(2007)
26956,2.5637081474644928e-05,(2004)
27106,2.5637081474644928e-05,(2009)
27121,2.5637081474644928e-05,(2009)
27138,2.5637081474644928e-05,(2009)
27141,2.5637081474644928e-05,(2007)
27161,2.5637081474644928e-05,(2011)
27508,2.5637081474644928e-05,(2009)
27730,2.5637081474644928e-05,(1998)
28418,2.5637081474644928e-05,(1999)
28472,2.5637081474644928e-05,(1999)
28490,2.5637081474644928e-05,(2003)
28675,2.5637081474644928e-05,(2009)
28702,2.5637081474644928e-05,(2001)
28717,2.5637081474644928e-05,(2001)
28725,2.5637081474644928e-05,(1996)
28952,2.5637081474644928e-05,(2007)
28984,2.5637081474644928e-05,(2002)
2644,2.5637081474644928e-05,(2001)
29064,2.5637081474644928e-05,(2007)
2655,2.5637081474644928e-05,(2006)
2665,2.5637081474644928e-05,(2009)
2673,2.5637081474644928e-05,(2001)
2678,2.5637081474644928e-05,(2007)
29451,2.5637081474644928e-05,(1976)
29507,2.5637081474644928e-05,(2000)
29514,2.5637081474644928e-05,(2007)
29760,2.5637081474644928e-05,(2008)
29880,2.5637081474644928e-05,(1985)
30139,2.5637081474644928e-05,(1982)
30197,2.5637081474644928e-05,(2012)
30206,2.5637081474644928e-05,(2011)
30236,2.5637081474644928e-05,(2003)
30679,2.5637081474644928e-05,(2005)
2720,2.5637081474644928e-05,(2010)
30883,2.5637081474644928e-05,(2009)
31010,2.5637081474644928e-05,(2011)
31061,2.5637081474644928e-05,(2004)
2803,2.5637081474644928e-05,(2002)
31568,2.5637081474644928e-05,(2009)
31589,2.5637081474644928e-05,(2010)
32048,2.5637081474644928e-05,(2001)
32230,2.5637081474644928e-05,(2004)
32282,2.5637081474644928e-05,(1992)
32290,2.5637081474644928e-05,(1984)
32291,2.5637081474644928e-05,(1992)
32333,2.5637081474644928e-05,(1992)
32356,2.5637081474644928e-05,(1992)
32827,2.5637081474644928e-05,(2010)
32952,2.5637081474644928e-05,(1995)
33082,2.5637081474644928e-05,(2004)
33093,2.5637081474644928e-05,(2011)
33101,2.5637081474644928e-05,(2012)
33231,2.5637081474644928e-05,(2013)
33410,2.5637081474644928e-05,(2003)
33432,2.5637081474644928e-05,(2009)
33441,2.5637081474644928e-05,(2011)
33464,2.5637081474644928e-05,(2007)
33961,2.5637081474644928e-05,(2009)
3193,2.5637081474644928e-05,(2001)
3203,2.5637081474644928e-05,(2011)
3350,2.5637081474644928e-05,(2012)
34462,2.5637081474644928e-05,(2010)
34496,2.5637081474644928e-05,(1980)
34703,2.5637081474644928e-05,(2009)
34740,2.5637081474644928e-05,(2006)
34741,2.5637081474644928e-05,(2006)
34788,2.5637081474644928e-05,(2007)
34831,2.5637081474644928e-05,(2008)
34832,2.5637081474644928e-05,(2008)
34845,2.5637081474644928e-05,(2011)
34894,2.5637081474644928e-05,(2009)
34924,2.5637081474644928e-05,(2015)
35093,2.5637081474644928e-05,(2011)
35175,2.5637081474644928e-05,(1999)
35207,2.5637081474644928e-05,(1999)
35218,2.5637081474644928e-05,(1999)
35249,2.5637081474644928e-05,(2012)
35257,2.5637081474644928e-05,(2012)
35352,2.5637081474644928e-05,(2010)
35384,2.5637081474644928e-05,(2003)
35879,2.5637081474644928e-05,(2002)
36014,2.5637081474644928e-05,(2008)
36015,2.5637081474644928e-05,(2008)
36030,2.5637081474644928e-05,(2008)
36942,2.5637081474644928e-05,(2009)
37053,2.5637081474644928e-05,(2011)
37152,2.5637081474644928e-05,(1987)
37181,2.5637081474644928e-05,(2008)
37183,2.5637081474644928e-05,(2008)
37216,2.5637081474644928e-05,(2004)
3582,2.5637081474644928e-05,(2012)
