32914,0.000613666030464878,(1995)
34703,0.0004576492430585531,(2009)
25575,0.00043684700473770976,(2008)
39906,0.00040044308767623395,(2001)
30355,0.0003848414089356015,(2012)
32193,0.00037964084935539064,(2001)
1835,0.0003744402897751798,(1990)
39909,0.000369239730194969,(2001)
12234,0.000369239730194969,(2001)
26912,0.00036403917061475814,(2008)
39887,0.00034843749187412563,(1990)
12447,0.0003276352535532823,(2017)
20367,0.0003276352535532823,(2006)
24686,0.00030163245565222816,(2004)
13213,0.00029643189607201736,(2013)
32918,0.00029643189607201736,(1999)
36119,0.00029643189607201736,(2010)
23635,0.0002860307769115957,(2010)
29161,0.0002860307769115957,(2013)
19710,0.00028083021733138486,(2002)
20360,0.00028083021733138486,(2008)
25013,0.00028083021733138486,(2003)
35235,0.00028083021733138486,(2007)
29045,0.000275629657751174,(2011)
32220,0.000275629657751174,(2001)
38677,0.0002704290981709632,(2004)
39892,0.00026522853859075235,(1997)
26215,0.00026522853859075235,(2005)
31299,0.00026522853859075235,(2017)
8937,0.00026002797901054155,(2005)
34701,0.00026002797901054155,(2007)
9223,0.0002548274194303307,(2008)
11932,0.0002548274194303307,(2006)
34819,0.0002548274194303307,(2008)
23110,0.00024442630026990904,(2012)
26318,0.00024442630026990904,(1980)
36803,0.00024442630026990904,(2000)
11144,0.00023922574068969822,(2007)
5067,0.00023922574068969822,(2012)
5359,0.00023922574068969822,(2009)
31065,0.00023922574068969822,(2007)
32224,0.00023922574068969822,(2006)
5228,0.0002340251811094874,(2013)
23641,0.0002340251811094874,(2013)
28405,0.0002340251811094874,(2009)
2653,0.0002340251811094874,(2006)
32219,0.00022882462152927656,(2006)
3104,0.00022882462152927656,(2001)
4814,0.0002236240619490657,(2012)
20068,0.0002236240619490657,(1974)
28986,0.0002236240619490657,(2002)
37070,0.0002236240619490657,(1995)
14190,0.00021842350236885488,(2010)
26031,0.00021842350236885488,(2005)
2472,0.00021842350236885488,(2007)
30692,0.00021842350236885488,(2002)
33408,0.00021842350236885488,(2009)
23108,0.00021322294278864406,(2012)
26944,0.00021322294278864406,(2008)
33334,0.00021322294278864406,(2015)
38728,0.00020802238320843323,(2010)
6338,0.00020802238320843323,(1995)
18151,0.00020802238320843323,(2010)
26685,0.00020802238320843323,(2009)
10971,0.0002028218236282224,(2012)
7352,0.0002028218236282224,(1999)
24304,0.0002028218236282224,(2013)
24756,0.0002028218236282224,(2000)
32934,0.0002028218236282224,(1994)
33121,0.0002028218236282224,(2012)
37062,0.0002028218236282224,(2001)
11145,0.00019762126404801158,(2007)
11646,0.00019762126404801158,(2006)
5435,0.00019762126404801158,(1982)
20481,0.00019762126404801158,(1997)
21072,0.00019762126404801158,(2011)
27723,0.00019762126404801158,(2006)
37232,0.00019762126404801158,(1987)
9219,0.00019242070446780075,(2005)
14226,0.00019242070446780075,(2009)
18943,0.00019242070446780075,(2006)
19497,0.00019242070446780075,(2009)
25588,0.00019242070446780075,(2006)
30792,0.00019242070446780075,(2010)
33533,0.00019242070446780075,(2007)
38947,0.0001872201448875899,(2006)
5068,0.0001872201448875899,(2012)
18855,0.0001872201448875899,(2010)
29945,0.0001872201448875899,(1982)
36132,0.0001872201448875899,(2013)
36942,0.0001872201448875899,(2009)
9245,0.00018201958530737907,(2013)
23687,0.00018201958530737907,(2012)
32917,0.00018201958530737907,(1994)
36943,0.00018201958530737907,(2009)
38425,0.00017681902572716824,(2005)
8969,0.00017681902572716824,(2005)
39911,0.00017681902572716824,(1988)
5362,0.00017681902572716824,(2009)
5988,0.00017681902572716824,(2010)
6339,0.00017681902572716824,(1995)
16786,0.00017681902572716824,(2003)
16861,0.00017681902572716824,(2008)
18154,0.00017681902572716824,(2010)
24741,0.00017681902572716824,(2000)
24980,0.00017681902572716824,(2004)
26930,0.00017681902572716824,(2004)
29063,0.00017681902572716824,(2011)
33525,0.00017681902572716824,(2009)
35094,0.00017681902572716824,(2011)
8950,0.00017161846614695741,(2007)
38561,0.00017161846614695741,(2006)
3894,0.00017161846614695741,(2008)
23109,0.00017161846614695741,(2012)
26360,0.00017161846614695741,(1980)
26576,0.00017161846614695741,(2010)
31109,0.00017161846614695741,(2004)
31126,0.00017161846614695741,(2007)
33539,0.00017161846614695741,(2015)
3582,0.00017161846614695741,(2012)
7246,0.0001664179065667466,(2011)
16773,0.0001664179065667466,(2006)
19694,0.0001664179065667466,(1988)
19697,0.0001664179065667466,(1996)
20063,0.0001664179065667466,(1975)
20065,0.0001664179065667466,(1975)
22294,0.0001664179065667466,(2013)
2461,0.0001664179065667466,(1998)
32916,0.0001664179065667466,(1995)
34736,0.0001664179065667466,(2006)
34956,0.0001664179065667466,(2010)
11204,0.00016121734698653576,(2009)
6530,0.00016121734698653576,(2012)
13215,0.00016121734698653576,(2013)
7239,0.00016121734698653576,(2011)
1870,0.00016121734698653576,(1993)
21059,0.00016121734698653576,(2011)
23515,0.00016121734698653576,(2015)
23991,0.00016121734698653576,(2012)
26294,0.00016121734698653576,(1978)
27162,0.00016121734698653576,(2011)
3351,0.00016121734698653576,(2012)
34096,0.00016121734698653576,(2012)
34903,0.00016121734698653576,(2009)
10341,0.0001560167874063249,(2006)
12479,0.0001560167874063249,(2009)
6330,0.0001560167874063249,(1993)
6519,0.0001560167874063249,(2012)
7406,0.0001560167874063249,(2012)
1814,0.0001560167874063249,(2010)
23682,0.0001560167874063249,(2012)
26304,0.0001560167874063249,(1980)
26916,0.0001560167874063249,(2008)
32706,0.0001560167874063249,(2012)
32920,0.0001560167874063249,(1999)
37053,0.0001560167874063249,(2011)
9173,0.00015081622782611408,(1991)
9217,0.00015081622782611408,(2013)
9345,0.00015081622782611408,(2010)
10350,0.00015081622782611408,(2006)
6151,0.00015081622782611408,(2010)
7442,0.00015081622782611408,(1999)
14239,0.00015081622782611408,(2009)
7660,0.00015081622782611408,(2010)
14667,0.00015081622782611408,(2013)
18158,0.00015081622782611408,(2010)
26218,0.00015081622782611408,(2007)
2721,0.00015081622782611408,(2010)
31121,0.00015081622782611408,(2005)
35074,0.00015081622782611408,(2011)
3850,0.00014561566824590325,(2008)
39882,0.00014561566824590325,(2001)
10737,0.00014561566824590325,(2008)
13110,0.00014561566824590325,(2009)
13188,0.00014561566824590325,(2009)
6527,0.00014561566824590325,(2012)
1376,0.00014561566824590325,(2010)
16740,0.00014561566824590325,(2009)
18841,0.00014561566824590325,(2000)
18879,0.00014561566824590325,(2000)
1797,0.00014561566824590325,(2005)
19080,0.00014561566824590325,(2006)
19358,0.00014561566824590325,(2009)
19499,0.00014561566824590325,(2007)
20959,0.00014561566824590325,(1983)
23519,0.00014561566824590325,(2012)
25582,0.00014561566824590325,(2004)
2483,0.00014561566824590325,(2007)
29067,0.00014561566824590325,(2006)
30163,0.00014561566824590325,(1983)
33512,0.00014561566824590325,(2011)
39890,0.00014041510866569243,(2001)
39928,0.00014041510866569243,(1985)
1407,0.00014041510866569243,(2012)
15959,0.00014041510866569243,(2010)
21467,0.00014041510866569243,(2011)
26078,0.00014041510866569243,(2011)
26325,0.00014041510866569243,(2010)
27144,0.00014041510866569243,(2007)
31588,0.00014041510866569243,(2010)
36115,0.00014041510866569243,(2010)
8995,0.0001352145490854816,(2007)
39320,0.0001352145490854816,(2010)
685,0.0001352145490854816,(2010)
11939,0.0001352145490854816,(2006)
16705,0.0001352145490854816,(2009)
1798,0.0001352145490854816,(1987)
19991,0.0001352145490854816,(1986)
20110,0.0001352145490854816,(2012)
20991,0.0001352145490854816,(2008)
24979,0.0001352145490854816,(2011)
25597,0.0001352145490854816,(2012)
26302,0.0001352145490854816,(2006)
5054,0.0001352145490854816,(2000)
27107,0.0001352145490854816,(2003)
2647,0.0001352145490854816,(2007)
29511,0.0001352145490854816,(2000)
29929,0.0001352145490854816,(1986)
32011,0.0001352145490854816,(2002)
32190,0.0001352145490854816,(2004)
36114,0.0001352145490854816,(2010)
39900,0.00013001398950527077,(2010)
13181,0.00013001398950527077,(2010)
13865,0.00013001398950527077,(1975)
17962,0.00013001398950527077,(2002)
1785,0.00013001398950527077,(1993)
18886,0.00013001398950527077,(1997)
1792,0.00013001398950527077,(2010)
19504,0.00013001398950527077,(2007)
20361,0.00013001398950527077,(2006)
23679,0.00013001398950527077,(2012)
24307,0.00013001398950527077,(2013)
24312,0.00013001398950527077,(2013)
25993,0.00013001398950527077,(2009)
29162,0.00013001398950527077,(2013)
29601,0.00013001398950527077,(2007)
30361,0.00013001398950527077,(2012)
31101,0.00013001398950527077,(2009)
32302,0.00013001398950527077,(2009)
33529,0.00013001398950527077,(2011)
34818,0.00013001398950527077,(2008)
36112,0.00013001398950527077,(2010)
36648,0.00013001398950527077,(2012)
36662,0.00013001398950527077,(2012)
3525,0.00013001398950527077,(2010)
37041,0.00013001398950527077,(1998)
9430,0.00012481342992505995,(2010)
3900,0.00012481342992505995,(2008)
39101,0.00012481342992505995,(2011)
10344,0.00012481342992505995,(2006)
4660,0.00012481342992505995,(2005)
6700,0.00012481342992505995,(2006)
7314,0.00012481342992505995,(2010)
14229,0.00012481342992505995,(2009)
14233,0.00012481342992505995,(2009)
16731,0.00012481342992505995,(2009)
19062,0.00012481342992505995,(2008)
20106,0.00012481342992505995,(2012)
23688,0.00012481342992505995,(2012)
29451,0.00012481342992505995,(1976)
8983,0.00011961287034484911,(2005)
9080,0.00011961287034484911,(2003)
38886,0.00011961287034484911,(2009)
9934,0.00011961287034484911,(1987)
39930,0.00011961287034484911,(1995)
12474,0.00011961287034484911,(1990)
6341,0.00011961287034484911,(1992)
13214,0.00011961287034484911,(2013)
6674,0.00011961287034484911,(2008)
7663,0.00011961287034484911,(2010)
15948,0.00011961287034484911,(2010)
18142,0.00011961287034484911,(2008)
18871,0.00011961287034484911,(2010)
19072,0.00011961287034484911,(2008)
20072,0.00011961287034484911,(1975)
39902,0.00011961287034484911,(1988)
21318,0.00011961287034484911,(1989)
22468,0.00011961287034484911,(2004)
23582,0.00011961287034484911,(2012)
556,0.00011961287034484911,(2005)
27174,0.00011961287034484911,(2011)
28954,0.00011961287034484911,(2007)
31066,0.00011961287034484911,(2007)
31072,0.00011961287034484911,(2011)
32075,0.00011961287034484911,(2001)
33435,0.00011961287034484911,(2015)
34759,0.00011961287034484911,(2009)
34788,0.00011961287034484911,(2007)
35102,0.00011961287034484911,(2011)
8651,0.00011441231076463828,(1997)
3733,0.00011441231076463828,(2012)
9915,0.00011441231076463828,(1987)
39888,0.00011441231076463828,(1988)
39942,0.00011441231076463828,(1995)
5056,0.00011441231076463828,(2002)
6337,0.00011441231076463828,(1995)
7233,0.00011441231076463828,(2012)
1374,0.00011441231076463828,(2012)
16090,0.00011441231076463828,(2009)
16789,0.00011441231076463828,(2006)
1764,0.00011441231076463828,(2005)
18937,0.00011441231076463828,(2006)
1830,0.00011441231076463828,(2005)
19502,0.00011441231076463828,(2009)
19653,0.00011441231076463828,(1978)
20368,0.00011441231076463828,(2008)
39893,0.00011441231076463828,(2001)
20945,0.00011441231076463828,(1984)
23620,0.00011441231076463828,(2013)
26019,0.00011441231076463828,(2003)
26361,0.00011441231076463828,(2006)
28704,0.00011441231076463828,(2009)
29514,0.00011441231076463828,(2007)
29696,0.00011441231076463828,(2013)
30027,0.00011441231076463828,(1986)
31727,0.00011441231076463828,(2012)
32829,0.00011441231076463828,(2010)
33338,0.00011441231076463828,(2017)
34712,0.00011441231076463828,(2007)
35255,0.00011441231076463828,(2012)
37050,0.00011441231076463828,(2001)
9108,0.00010921175118442744,(1991)
9122,0.00010921175118442744,(1993)
9238,0.00010921175118442744,(2013)
9251,0.00010921175118442744,(2008)
3895,0.00010921175118442744,(2008)
39940,0.00010921175118442744,(1985)
11150,0.00010921175118442744,(2007)
11938,0.00010921175118442744,(2008)
12455,0.00010921175118442744,(2009)
13297,0.00010921175118442744,(2010)
6812,0.00010921175118442744,(2011)
7605,0.00010921175118442744,(2009)
8001,0.00010921175118442744,(1997)
15705,0.00010921175118442744,(2011)
17026,0.00010921175118442744,(2002)
18875,0.00010921175118442744,(2006)
20016,0.00010921175118442744,(1982)
1906,0.00010921175118442744,(1982)
20865,0.00010921175118442744,(1991)
21036,0.00010921175118442744,(2011)
22050,0.00010921175118442744,(1993)
23537,0.00010921175118442744,(2015)
23683,0.00010921175118442744,(2012)
24700,0.00010921175118442744,(2000)
4796,0.00010921175118442744,(2012)
25579,0.00010921175118442744,(2004)
26340,0.00010921175118442744,(2006)
26747,0.00010921175118442744,(2010)
2499,0.00010921175118442744,(2002)
2639,0.00010921175118442744,(2001)
30250,0.00010921175118442744,(2012)
31067,0.00010921175118442744,(2009)
35194,0.00010921175118442744,(2004)
36111,0.00010921175118442744,(2010)
36863,0.00010921175118442744,(2007)
3565,0.00010921175118442744,(2009)
38508,0.00010401119160421661,(2010)
38547,0.00010401119160421661,(2008)
38934,0.00010401119160421661,(2006)
39310,0.00010401119160421661,(1997)
39958,0.00010401119160421661,(2010)
4665,0.00010401119160421661,(2008)
7443,0.00010401119160421661,(2009)
7591,0.00010401119160421661,(2009)
16523,0.00010401119160421661,(2007)
16757,0.00010401119160421661,(2006)
16785,0.00010401119160421661,(2010)
1752,0.00010401119160421661,(1980)
19070,0.00010401119160421661,(2005)
1822,0.00010401119160421661,(1974)
19354,0.00010401119160421661,(2009)
1841,0.00010401119160421661,(1978)
20384,0.00010401119160421661,(2008)
20391,0.00010401119160421661,(2006)
20877,0.00010401119160421661,(1984)
20989,0.00010401119160421661,(2011)
21084,0.00010401119160421661,(2008)
21350,0.00010401119160421661,(2010)
25033,0.00010401119160421661,(2011)
25624,0.00010401119160421661,(2012)
25640,0.00010401119160421661,(2001)
26033,0.00010401119160421661,(2009)
26035,0.00010401119160421661,(2003)
28136,0.00010401119160421661,(2011)
29053,0.00010401119160421661,(2007)
2684,0.00010401119160421661,(2001)
29778,0.00010401119160421661,(1983)
30682,0.00010401119160421661,(2005)
32830,0.00010401119160421661,(2010)
33517,0.00010401119160421661,(2009)
33531,0.00010401119160421661,(2007)
3203,0.00010401119160421661,(2011)
35093,0.00010401119160421661,(2011)
37933,9.881063202400579e-05,(2009)
8648,9.881063202400579e-05,(2008)
8961,9.881063202400579e-05,(2007)
90,9.881063202400579e-05,(2013)
39414,9.881063202400579e-05,(1991)
39668,9.881063202400579e-05,(1994)
10231,9.881063202400579e-05,(2009)
684,9.881063202400579e-05,(2010)
6524,9.881063202400579e-05,(2012)
7370,9.881063202400579e-05,(2010)
1373,9.881063202400579e-05,(2010)
14234,9.881063202400579e-05,(2009)
16711,9.881063202400579e-05,(2011)
16892,9.881063202400579e-05,(2003)
1794,9.881063202400579e-05,(1976)
1809,9.881063202400579e-05,(1980)
19122,9.881063202400579e-05,(2010)
19345,9.881063202400579e-05,(2011)
1853,9.881063202400579e-05,(1984)
19988,9.881063202400579e-05,(1981)
21981,9.881063202400579e-05,(1987)
23589,9.881063202400579e-05,(2012)
23621,9.881063202400579e-05,(2010)
24319,9.881063202400579e-05,(2013)
27161,9.881063202400579e-05,(2011)
27776,9.881063202400579e-05,(2017)
28906,9.881063202400579e-05,(2006)
28979,9.881063202400579e-05,(2002)
29064,9.881063202400579e-05,(2007)
29557,9.881063202400579e-05,(2000)
30028,9.881063202400579e-05,(1985)
31107,9.881063202400579e-05,(2011)
31571,9.881063202400579e-05,(2009)
32074,9.881063202400579e-05,(2007)
32361,9.881063202400579e-05,(2009)
33201,9.881063202400579e-05,(2008)
3135,9.881063202400579e-05,(2002)
35029,9.881063202400579e-05,(2009)
35394,9.881063202400579e-05,(2005)
36018,9.881063202400579e-05,(1994)
36658,9.881063202400579e-05,(2012)
8654,9.361007244379495e-05,(1997)
9240,9.361007244379495e-05,(2013)
7577,9.361007244379495e-05,(2009)
7596,9.361007244379495e-05,(2007)
39328,9.361007244379495e-05,(1986)
1045,9.361007244379495e-05,(2012)
39496,9.361007244379495e-05,(1989)
39514,9.361007244379495e-05,(2012)
4250,9.361007244379495e-05,(2009)
4255,9.361007244379495e-05,(2009)
11848,9.361007244379495e-05,(2005)
12128,9.361007244379495e-05,(2010)
13322,9.361007244379495e-05,(2009)
13997,9.361007244379495e-05,(2011)
7378,9.361007244379495e-05,(2002)
16235,9.361007244379495e-05,(2012)
16771,9.361007244379495e-05,(2003)
19096,9.361007244379495e-05,(2005)
1876,9.361007244379495e-05,(1990)
20008,9.361007244379495e-05,(1982)
20069,9.361007244379495e-05,(1973)
39894,9.361007244379495e-05,(2011)
20634,9.361007244379495e-05,(1999)
21339,9.361007244379495e-05,(2010)
23506,9.361007244379495e-05,(2012)
23588,9.361007244379495e-05,(2012)
23622,9.361007244379495e-05,(2013)
23896,9.361007244379495e-05,(2011)
24296,9.361007244379495e-05,(2016)
25594,9.361007244379495e-05,(2012)
25994,9.361007244379495e-05,(2005)
26213,9.361007244379495e-05,(2007)
26355,9.361007244379495e-05,(1978)
26934,9.361007244379495e-05,(2004)
28694,9.361007244379495e-05,(1998)
2696,9.361007244379495e-05,(2009)
31492,9.361007244379495e-05,(2014)
31573,9.361007244379495e-05,(2009)
31577,9.361007244379495e-05,(2010)
33104,9.361007244379495e-05,(2006)
33401,9.361007244379495e-05,(2015)
33464,9.361007244379495e-05,(2007)
34825,9.361007244379495e-05,(2008)
37028,9.361007244379495e-05,(2011)
8967,8.840951286358412e-05,(2005)
9099,8.840951286358412e-05,(1987)
9170,8.840951286358412e-05,(1983)
9176,8.840951286358412e-05,(1991)
110,8.840951286358412e-05,(2013)
3838,8.840951286358412e-05,(2008)
39305,8.840951286358412e-05,(1997)
39876,8.840951286358412e-05,(2001)
4680,8.840951286358412e-05,(2012)
11604,8.840951286358412e-05,(2002)
11610,8.840951286358412e-05,(1988)
5052,8.840951286358412e-05,(2000)
5708,8.840951286358412e-05,(2010)
6927,8.840951286358412e-05,(2009)
7310,8.840951286358412e-05,(2001)
7336,8.840951286358412e-05,(2001)
1389,8.840951286358412e-05,(2010)
7583,8.840951286358412e-05,(2007)
15703,8.840951286358412e-05,(2011)
16916,8.840951286358412e-05,(2003)
17411,8.840951286358412e-05,(2010)
18538,8.840951286358412e-05,(2012)
18808,8.840951286358412e-05,(2012)
18856,8.840951286358412e-05,(2000)
1816,8.840951286358412e-05,(1981)
1833,8.840951286358412e-05,(1976)
19333,8.840951286358412e-05,(2011)
19594,8.840951286358412e-05,(1982)
20061,8.840951286358412e-05,(1974)
1914,8.840951286358412e-05,(1981)
1917,8.840951286358412e-05,(1988)
21332,8.840951286358412e-05,(1992)
21344,8.840951286358412e-05,(1992)
23512,8.840951286358412e-05,(2012)
23534,8.840951286358412e-05,(2012)
23645,8.840951286358412e-05,(2010)
25586,8.840951286358412e-05,(2001)
26210,8.840951286358412e-05,(2007)
27120,8.840951286358412e-05,(2005)
28702,8.840951286358412e-05,(2001)
30048,8.840951286358412e-05,(1994)
31071,8.840951286358412e-05,(2007)
31568,8.840951286358412e-05,(2009)
2964,8.840951286358412e-05,(2009)
32705,8.840951286358412e-05,(2012)
32944,8.840951286358412e-05,(1995)
34974,8.840951286358412e-05,(2008)
35369,8.840951286358412e-05,(2007)
36820,8.840951286358412e-05,(2007)
37064,8.840951286358412e-05,(2011)
9155,8.32089532833733e-05,(1991)
9168,8.32089532833733e-05,(1978)
9244,8.32089532833733e-05,(1999)
3893,8.32089532833733e-05,(1978)
39389,8.32089532833733e-05,(2010)
39671,8.32089532833733e-05,(2002)
10346,8.32089532833733e-05,(2004)
4247,8.32089532833733e-05,(2009)
11362,8.32089532833733e-05,(2008)
647,8.32089532833733e-05,(2010)
11673,8.32089532833733e-05,(2002)
5046,8.32089532833733e-05,(2000)
12215,8.32089532833733e-05,(1999)
13217,8.32089532833733e-05,(2013)
6923,8.32089532833733e-05,(2009)
7428,8.32089532833733e-05,(1997)
14186,8.32089532833733e-05,(2010)
7999,8.32089532833733e-05,(1997)
19346,8.32089532833733e-05,(2011)
20083,8.32089532833733e-05,(1973)
20091,8.32089532833733e-05,(1974)
20376,8.32089532833733e-05,(2006)
20398,8.32089532833733e-05,(2008)
21355,8.32089532833733e-05,(1997)
21965,8.32089532833733e-05,(1993)
2072,8.32089532833733e-05,(2013)
22625,8.32089532833733e-05,(2011)
22635,8.32089532833733e-05,(2011)
22650,8.32089532833733e-05,(2011)
22976,8.32089532833733e-05,(2013)
23112,8.32089532833733e-05,(2012)
23516,8.32089532833733e-05,(2012)
23637,8.32089532833733e-05,(2010)
23643,8.32089532833733e-05,(2010)
25021,8.32089532833733e-05,(2011)
25610,8.32089532833733e-05,(2004)
26352,8.32089532833733e-05,(2010)
26577,8.32089532833733e-05,(2010)
2493,8.32089532833733e-05,(1998)
26933,8.32089532833733e-05,(2004)
5055,8.32089532833733e-05,(2002)
27119,8.32089532833733e-05,(2007)
27519,8.32089532833733e-05,(2004)
28430,8.32089532833733e-05,(2009)
28667,8.32089532833733e-05,(2009)
2675,8.32089532833733e-05,(2006)
29701,8.32089532833733e-05,(2013)
2694,8.32089532833733e-05,(2001)
31091,8.32089532833733e-05,(2009)
2955,8.32089532833733e-05,(2009)
32374,8.32089532833733e-05,(1992)
35381,8.32089532833733e-05,(2005)
37060,8.32089532833733e-05,(1995)
9195,7.800839370316245e-05,(2008)
87,7.800839370316245e-05,(212)
3881,7.800839370316245e-05,(2008)
7578,7.800839370316245e-05,(2009)
39407,7.800839370316245e-05,(1997)
39445,7.800839370316245e-05,(2001)
39491,7.800839370316245e-05,(2012)
11137,7.800839370316245e-05,(2007)
11139,7.800839370316245e-05,(2006)
11357,7.800839370316245e-05,(2008)
13107,7.800839370316245e-05,(2009)
7236,7.800839370316245e-05,(1995)
8003,7.800839370316245e-05,(1997)
8008,7.800839370316245e-05,(1997)
16722,7.800839370316245e-05,(2012)
169,7.800839370316245e-05,(2010)
1755,7.800839370316245e-05,(1998)
1770,7.800839370316245e-05,(1987)
18719,7.800839370316245e-05,(2010)
18858,7.800839370316245e-05,(2006)
1805,7.800839370316245e-05,(1976)
1834,7.800839370316245e-05,(2010)
1873,7.800839370316245e-05,(1988)
19990,7.800839370316245e-05,(1986)
21367,7.800839370316245e-05,(1993)
21880,7.800839370316245e-05,(1995)
22623,7.800839370316245e-05,(2011)
23300,7.800839370316245e-05,(2013)
24390,7.800839370316245e-05,(2013)
26923,7.800839370316245e-05,(2007)
27525,7.800839370316245e-05,(2004)
29159,7.800839370316245e-05,(2013)
2673,7.800839370316245e-05,(2001)
29359,7.800839370316245e-05,(2007)
31752,7.800839370316245e-05,(2012)
32210,7.800839370316245e-05,(2004)
32300,7.800839370316245e-05,(2009)
32820,7.800839370316245e-05,(2010)
3101,7.800839370316245e-05,(1999)
33509,7.800839370316245e-05,(2015)
33535,7.800839370316245e-05,(2015)
35373,7.800839370316245e-05,(2003)
35882,7.800839370316245e-05,(2007)
36116,7.800839370316245e-05,(2010)
37032,7.800839370316245e-05,(2001)
37083,7.800839370316245e-05,(1998)
37189,7.800839370316245e-05,(1987)
8669,7.280783412295163e-05,(2004)
8944,7.280783412295163e-05,(2010)
9124,7.280783412295163e-05,(2003)
9215,7.280783412295163e-05,(2008)
9221,7.280783412295163e-05,(2005)
9936,7.280783412295163e-05,(1982)
39604,7.280783412295163e-05,(2005)
39673,7.280783412295163e-05,(2007)
10722,7.280783412295163e-05,(2005)
11351,7.280783412295163e-05,(2008)
5066,7.280783412295163e-05,(2012)
11942,7.280783412295163e-05,(2008)
12926,7.280783412295163e-05,(2009)
13184,7.280783412295163e-05,(2010)
14004,7.280783412295163e-05,(2011)
7372,7.280783412295163e-05,(2012)
7574,7.280783412295163e-05,(2009)
1393,7.280783412295163e-05,(2010)
16151,7.280783412295163e-05,(2009)
16724,7.280783412295163e-05,(2007)
16749,7.280783412295163e-05,(2006)
16781,7.280783412295163e-05,(2004)
1754,7.280783412295163e-05,(1978)
1772,7.280783412295163e-05,(1985)
18146,7.280783412295163e-05,(2010)
18827,7.280783412295163e-05,(2006)
18873,7.280783412295163e-05,(2010)
18936,7.280783412295163e-05,(2008)
1793,7.280783412295163e-05,(1987)
1812,7.280783412295163e-05,(1987)
19337,7.280783412295163e-05,(2007)
19585,7.280783412295163e-05,(1984)
19801,7.280783412295163e-05,(2007)
20982,7.280783412295163e-05,(2008)
21372,7.280783412295163e-05,(2010)
22017,7.280783412295163e-05,(1987)
22297,7.280783412295163e-05,(2013)
2165,7.280783412295163e-05,(2012)
23639,7.280783412295163e-05,(2013)
23990,7.280783412295163e-05,(2013)
25007,7.280783412295163e-05,(2011)
26311,7.280783412295163e-05,(1978)
2494,7.280783412295163e-05,(1998)
26936,7.280783412295163e-05,(2007)
2640,7.280783412295163e-05,(2001)
29689,7.280783412295163e-05,(2013)
29769,7.280783412295163e-05,(2008)
30210,7.280783412295163e-05,(2011)
31496,7.280783412295163e-05,(2014)
32195,7.280783412295163e-05,(2006)
32231,7.280783412295163e-05,(2001)
32376,7.280783412295163e-05,(1984)
3353,7.280783412295163e-05,(2012)
34820,7.280783412295163e-05,(2008)
34823,7.280783412295163e-05,(2008)
36913,7.280783412295163e-05,(2007)
37065,7.280783412295163e-05,(2001)
37072,7.280783412295163e-05,(1995)
37101,7.280783412295163e-05,(2011)
37136,7.280783412295163e-05,(2011)
8216,6.76072745427408e-05,(2012)
8942,6.76072745427408e-05,(2005)
38672,6.76072745427408e-05,(2004)
9236,6.76072745427408e-05,(2008)
9241,6.76072745427408e-05,(2013)
9253,6.76072745427408e-05,(2008)
113,6.76072745427408e-05,(2013)
3860,6.76072745427408e-05,(2008)
9865,6.76072745427408e-05,(1986)
39929,6.76072745427408e-05,(2010)
39939,6.76072745427408e-05,(1995)
39956,6.76072745427408e-05,(2010)
4689,6.76072745427408e-05,(2005)
11685,6.76072745427408e-05,(1988)
5060,6.76072745427408e-05,(2000)
5071,6.76072745427408e-05,(2012)
5233,6.76072745427408e-05,(2013)
12227,6.76072745427408e-05,(2010)
6662,6.76072745427408e-05,(2008)
6806,6.76072745427408e-05,(2011)
13902,6.76072745427408e-05,(1974)
7422,6.76072745427408e-05,(2007)
7610,6.76072745427408e-05,(2009)
7625,6.76072745427408e-05,(2009)
1382,6.76072745427408e-05,(2010)
7895,6.76072745427408e-05,(2012)
8004,6.76072745427408e-05,(1997)
15856,6.76072745427408e-05,(2010)
16681,6.76072745427408e-05,(2012)
16815,6.76072745427408e-05,(2010)
17035,6.76072745427408e-05,(2002)
17355,6.76072745427408e-05,(2012)
1779,6.76072745427408e-05,(2010)
18880,6.76072745427408e-05,(2010)
1804,6.76072745427408e-05,(2005)
1806,6.76072745427408e-05,(1976)
19083,6.76072745427408e-05,(2005)
1839,6.76072745427408e-05,(1987)
1875,6.76072745427408e-05,(1985)
1881,6.76072745427408e-05,(1981)
1883,6.76072745427408e-05,(2005)
20084,6.76072745427408e-05,(1975)
1908,6.76072745427408e-05,(1984)
20354,6.76072745427408e-05,(2008)
20366,6.76072745427408e-05,(2006)
39910,6.76072745427408e-05,(2011)
20645,6.76072745427408e-05,(1999)
21341,6.76072745427408e-05,(1990)
22151,6.76072745427408e-05,(2014)
24311,6.76072745427408e-05,(2013)
26001,6.76072745427408e-05,(2005)
26362,6.76072745427408e-05,(2010)
2474,6.76072745427408e-05,(1998)
26743,6.76072745427408e-05,(2010)
26926,6.76072745427408e-05,(2007)
26945,6.76072745427408e-05,(2008)
27514,6.76072745427408e-05,(2006)
27716,6.76072745427408e-05,(2006)
28723,6.76072745427408e-05,(1996)
29362,6.76072745427408e-05,(2007)
29412,6.76072745427408e-05,(2007)
29749,6.76072745427408e-05,(2013)
30204,6.76072745427408e-05,(2011)
30672,6.76072745427408e-05,(2002)
2969,6.76072745427408e-05,(2009)
33381,6.76072745427408e-05,(2011)
33534,6.76072745427408e-05,(2009)
3247,6.76072745427408e-05,(2002)
34920,6.76072745427408e-05,(2015)
36011,6.76072745427408e-05,(1999)
37033,6.76072745427408e-05,(1995)
37970,6.240671496252997e-05,(2005)
8952,6.240671496252997e-05,(2005)
9001,6.240671496252997e-05,(2007)
9182,6.240671496252997e-05,(1991)
9206,6.240671496252997e-05,(2005)
9211,6.240671496252997e-05,(2005)
9252,6.240671496252997e-05,(2013)
9256,6.240671496252997e-05,(2005)
3857,6.240671496252997e-05,(1978)
39411,6.240671496252997e-05,(1997)
39895,6.240671496252997e-05,(2001)
39901,6.240671496252997e-05,(2011)
10949,6.240671496252997e-05,(2012)
11355,6.240671496252997e-05,(2008)
5064,6.240671496252997e-05,(2012)
5459,6.240671496252997e-05,(1983)
5573,6.240671496252997e-05,(2014)
13210,6.240671496252997e-05,(2013)
13317,6.240671496252997e-05,(2010)
13734,6.240671496252997e-05,(2009)
13851,6.240671496252997e-05,(1974)
7232,6.240671496252997e-05,(1995)
7279,6.240671496252997e-05,(2009)
13996,6.240671496252997e-05,(2011)
7346,6.240671496252997e-05,(2010)
16723,6.240671496252997e-05,(2011)
16780,6.240671496252997e-05,(2010)
16796,6.240671496252997e-05,(2006)
18799,6.240671496252997e-05,(2012)
19331,6.240671496252997e-05,(2011)
175,6.240671496252997e-05,(2010)
19491,6.240671496252997e-05,(2007)
19680,6.240671496252997e-05,(2002)
19807,6.240671496252997e-05,(1988)
1874,6.240671496252997e-05,(2010)
20059,6.240671496252997e-05,(1974)
20086,6.240671496252997e-05,(1975)
20380,6.240671496252997e-05,(2008)
1951,6.240671496252997e-05,(2007)
21334,6.240671496252997e-05,(1989)
21357,6.240671496252997e-05,(2010)
24712,6.240671496252997e-05,(2007)
25229,6.240671496252997e-05,(2009)
25653,6.240671496252997e-05,(2001)
26224,6.240671496252997e-05,(2005)
26700,6.240671496252997e-05,(2009)
26941,6.240671496252997e-05,(2004)
27499,6.240671496252997e-05,(2004)
27518,6.240671496252997e-05,(2006)
5246,6.240671496252997e-05,(2009)
28099,6.240671496252997e-05,(2011)
28247,6.240671496252997e-05,(2012)
28664,6.240671496252997e-05,(2009)
29001,6.240671496252997e-05,(2002)
29167,6.240671496252997e-05,(2013)
29570,6.240671496252997e-05,(1976)
30236,6.240671496252997e-05,(2003)
30670,6.240671496252997e-05,(2002)
31124,6.240671496252997e-05,(2007)
32020,6.240671496252997e-05,(2001)
32958,6.240671496252997e-05,(1995)
32965,6.240671496252997e-05,(1994)
33369,6.240671496252997e-05,(2007)
34896,6.240671496252997e-05,(2009)
36034,6.240671496252997e-05,(1994)
36130,6.240671496252997e-05,(2013)
8220,5.720615538231914e-05,(2012)
37956,5.720615538231914e-05,(2005)
3764,5.720615538231914e-05,(2012)
8964,5.720615538231914e-05,(2010)
9175,5.720615538231914e-05,(1985)
3863,5.720615538231914e-05,(2008)
3890,5.720615538231914e-05,(1978)
9826,5.720615538231914e-05,(1986)
1047,5.720615538231914e-05,(2012)
9873,5.720615538231914e-05,(1987)
39503,5.720615538231914e-05,(2012)
39683,5.720615538231914e-05,(2007)
39891,5.720615538231914e-05,(1985)
39938,5.720615538231914e-05,(1995)
10723,5.720615538231914e-05,(2010)
10736,5.720615538231914e-05,(2007)
4729,5.720615538231914e-05,(2013)
11370,5.720615538231914e-05,(2010)
563,5.720615538231914e-05,(2005)
638,5.720615538231914e-05,(2010)
11626,5.720615538231914e-05,(2002)
11827,5.720615538231914e-05,(2005)
5351,5.720615538231914e-05,(2009)
5451,5.720615538231914e-05,(1982)
6142,5.720615538231914e-05,(2010)
13109,5.720615538231914e-05,(2009)
6531,5.720615538231914e-05,(2012)
6681,5.720615538231914e-05,(2011)
13834,5.720615538231914e-05,(1975)
7277,5.720615538231914e-05,(2011)
7363,5.720615538231914e-05,(1997)
7374,5.720615538231914e-05,(1997)
7444,5.720615538231914e-05,(2011)
14230,5.720615538231914e-05,(2009)
7931,5.720615538231914e-05,(2012)
16095,5.720615538231914e-05,(2009)
16769,5.720615538231914e-05,(2010)
16867,5.720615538231914e-05,(2008)
17414,5.720615538231914e-05,(2010)
1778,5.720615538231914e-05,(1985)
18840,5.720615538231914e-05,(1997)
18870,5.720615538231914e-05,(2010)
18881,5.720615538231914e-05,(2010)
1820,5.720615538231914e-05,(1981)
19672,5.720615538231914e-05,(1979)
19704,5.720615538231914e-05,(1986)
20071,5.720615538231914e-05,(1975)
20651,5.720615538231914e-05,(1997)
20662,5.720615538231914e-05,(2009)
21338,5.720615538231914e-05,(1990)
22185,5.720615538231914e-05,(2012)
22299,5.720615538231914e-05,(2013)
22411,5.720615538231914e-05,(2008)
23640,5.720615538231914e-05,(2010)
25212,5.720615538231914e-05,(2009)
25666,5.720615538231914e-05,(2012)
26573,5.720615538231914e-05,(2010)
26672,5.720615538231914e-05,(2003)
27490,5.720615538231914e-05,(2004)
27728,5.720615538231914e-05,(2009)
28238,5.720615538231914e-05,(2012)
29059,5.720615538231914e-05,(2007)
30658,5.720615538231914e-05,(2011)
31057,5.720615538231914e-05,(2004)
31741,5.720615538231914e-05,(2012)
32207,5.720615538231914e-05,(2001)
32827,5.720615538231914e-05,(2010)
32915,5.720615538231914e-05,(2003)
32954,5.720615538231914e-05,(2010)
33079,5.720615538231914e-05,(2009)
33279,5.720615538231914e-05,(2007)
33461,5.720615538231914e-05,(2003)
3188,5.720615538231914e-05,(2001)
35167,5.720615538231914e-05,(1999)
35257,5.720615538231914e-05,(2012)
35379,5.720615538231914e-05,(2005)
35892,5.720615538231914e-05,(2005)
36015,5.720615538231914e-05,(2008)
36861,5.720615538231914e-05,(1997)
36907,5.720615538231914e-05,(1997)
37043,5.720615538231914e-05,(2011)
8313,5.200559580210831e-05,(2009)
8677,5.200559580210831e-05,(1997)
8975,5.200559580210831e-05,(2005)
38523,5.200559580210831e-05,(2006)
9072,5.200559580210831e-05,(1987)
9117,5.200559580210831e-05,(1991)
9142,5.200559580210831e-05,(2003)
38693,5.200559580210831e-05,(2004)
9214,5.200559580210831e-05,(2008)
3886,5.200559580210831e-05,(1980)
9660,5.200559580210831e-05,(1986)
39312,5.200559580210831e-05,(2010)
39454,5.200559580210831e-05,(2003)
9965,5.200559580210831e-05,(1999)
39523,5.200559580210831e-05,(1998)
39532,5.200559580210831e-05,(1991)
39657,5.200559580210831e-05,(2002)
10362,5.200559580210831e-05,(2004)
10740,5.200559580210831e-05,(2011)
11037,5.200559580210831e-05,(2010)
4655,5.200559580210831e-05,(2005)
4666,5.200559580210831e-05,(2005)
11356,5.200559580210831e-05,(2010)
11721,5.200559580210831e-05,(2002)
5253,5.200559580210831e-05,(2009)
11916,5.200559580210831e-05,(2004)
11917,5.200559580210831e-05,(2008)
11935,5.200559580210831e-05,(2004)
12252,5.200559580210831e-05,(2004)
5709,5.200559580210831e-05,(2010)
13211,5.200559580210831e-05,(2013)
13286,5.200559580210831e-05,(2009)
6801,5.200559580210831e-05,(2011)
13732,5.200559580210831e-05,(2009)
7316,5.200559580210831e-05,(2012)
14000,5.200559580210831e-05,(2011)
7334,5.200559580210831e-05,(2010)
7367,5.200559580210831e-05,(2007)
14442,5.200559580210831e-05,(2005)
16555,5.200559580210831e-05,(2007)
16704,5.200559580210831e-05,(2009)
16783,5.200559580210831e-05,(2004)
17418,5.200559580210831e-05,(2010)
1801,5.200559580210831e-05,(2010)
1811,5.200559580210831e-05,(1978)
19066,5.200559580210831e-05,(2005)
19069,5.200559580210831e-05,(2005)
19073,5.200559580210831e-05,(2011)
19254,5.200559580210831e-05,(2012)
19329,5.200559580210831e-05,(2011)
19495,5.200559580210831e-05,(2009)
19519,5.200559580210831e-05,(2009)
19600,5.200559580210831e-05,(1996)
19800,5.200559580210831e-05,(1990)
19809,5.200559580210831e-05,(1990)
1879,5.200559580210831e-05,(1985)
1905,5.200559580210831e-05,(1984)
1910,5.200559580210831e-05,(1984)
21331,5.200559580210831e-05,(1993)
21343,5.200559580210831e-05,(2002)
21881,5.200559580210831e-05,(1998)
23644,5.200559580210831e-05,(2013)
2168,5.200559580210831e-05,(2012)
23735,5.200559580210831e-05,(2010)
24882,5.200559580210831e-05,(2000)
25027,5.200559580210831e-05,(2003)
26342,5.200559580210831e-05,(2006)
29936,5.200559580210831e-05,(1994)
29978,5.200559580210831e-05,(1994)
30166,5.200559580210831e-05,(1994)
30246,5.200559580210831e-05,(2012)
2715,5.200559580210831e-05,(2009)
31712,5.200559580210831e-05,(2012)
32058,5.200559580210831e-05,(2002)
2966,5.200559580210831e-05,(2009)
32331,5.200559580210831e-05,(1992)
32822,5.200559580210831e-05,(2010)
32922,5.200559580210831e-05,(1994)
33289,5.200559580210831e-05,(2007)
33484,5.200559580210831e-05,(2015)
3219,5.200559580210831e-05,(2002)
34102,5.200559580210831e-05,(2012)
34817,5.200559580210831e-05,(2008)
34832,5.200559580210831e-05,(2008)
34834,5.200559580210831e-05,(2008)
34845,5.200559580210831e-05,(2011)
35213,5.200559580210831e-05,(2004)
35217,5.200559580210831e-05,(1999)
3529,5.200559580210831e-05,(2010)
37005,5.200559580210831e-05,(2013)
37069,5.200559580210831e-05,(1998)
37132,5.200559580210831e-05,(2009)
37210,5.200559580210831e-05,(2008)
8987,4.6805036221897474e-05,(2007)
8988,4.6805036221897474e-05,(2010)
9071,4.6805036221897474e-05,(1983)
9081,4.6805036221897474e-05,(2003)
3859,4.6805036221897474e-05,(1978)
3875,4.6805036221897474e-05,(1980)
39453,4.6805036221897474e-05,(2012)
39471,4.6805036221897474e-05,(1998)
39516,4.6805036221897474e-05,(2010)
39527,4.6805036221897474e-05,(2008)
9982,4.6805036221897474e-05,(2003)
39537,4.6805036221897474e-05,(2008)
39764,4.6805036221897474e-05,(2010)
10336,4.6805036221897474e-05,(2004)
39878,4.6805036221897474e-05,(2010)
39898,4.6805036221897474e-05,(1995)
39904,4.6805036221897474e-05,(1995)
39924,4.6805036221897474e-05,(1995)
10724,4.6805036221897474e-05,(2008)
10725,4.6805036221897474e-05,(2008)
4253,4.6805036221897474e-05,(2009)
4312,4.6805036221897474e-05,(1975)
11141,4.6805036221897474e-05,(2007)
11664,4.6805036221897474e-05,(2006)
5053,4.6805036221897474e-05,(2000)
5073,4.6805036221897474e-05,(2012)
5348,4.6805036221897474e-05,(2009)
5691,4.6805036221897474e-05,(2005)
12398,4.6805036221897474e-05,(2013)
5985,4.6805036221897474e-05,(2010)
6001,4.6805036221897474e-05,(2010)
6137,4.6805036221897474e-05,(2010)
12928,4.6805036221897474e-05,(2009)
6296,4.6805036221897474e-05,(1992)
13248,4.6805036221897474e-05,(2008)
6660,4.6805036221897474e-05,(2006)
6709,4.6805036221897474e-05,(2008)
6816,4.6805036221897474e-05,(2011)
7288,4.6805036221897474e-05,(2003)
7305,4.6805036221897474e-05,(2012)
7371,4.6805036221897474e-05,(2010)
7572,4.6805036221897474e-05,(2007)
1375,4.6805036221897474e-05,(2012)
7623,4.6805036221897474e-05,(2007)
1380,4.6805036221897474e-05,(2012)
15958,4.6805036221897474e-05,(2010)
16248,4.6805036221897474e-05,(2012)
16777,4.6805036221897474e-05,(2010)
16778,4.6805036221897474e-05,(2006)
18932,4.6805036221897474e-05,(2006)
19099,4.6805036221897474e-05,(2011)
19355,4.6805036221897474e-05,(2011)
19624,4.6805036221897474e-05,(1996)
19627,4.6805036221897474e-05,(1996)
19687,4.6805036221897474e-05,(2002)
19708,4.6805036221897474e-05,(1978)
19759,4.6805036221897474e-05,(2007)
19803,4.6805036221897474e-05,(1981)
19957,4.6805036221897474e-05,(1982)
20044,4.6805036221897474e-05,(1975)
20505,4.6805036221897474e-05,(2012)
21328,4.6805036221897474e-05,(2010)
21887,4.6805036221897474e-05,(2009)
21890,4.6805036221897474e-05,(2004)
21916,4.6805036221897474e-05,(1995)
21924,4.6805036221897474e-05,(1995)
22183,4.6805036221897474e-05,(2012)
22980,4.6805036221897474e-05,(2013)
24309,4.6805036221897474e-05,(2013)
2330,4.6805036221897474e-05,(2012)
26205,4.6805036221897474e-05,(2005)
26209,4.6805036221897474e-05,(2005)
26314,4.6805036221897474e-05,(2010)
26693,4.6805036221897474e-05,(2009)
26925,4.6805036221897474e-05,(2004)
26952,4.6805036221897474e-05,(2004)
27170,4.6805036221897474e-05,(2002)
27521,4.6805036221897474e-05,(2006)
28698,4.6805036221897474e-05,(2001)
29706,4.6805036221897474e-05,(2008)
29768,4.6805036221897474e-05,(2008)
30196,4.6805036221897474e-05,(2011)
30197,4.6805036221897474e-05,(2012)
30260,4.6805036221897474e-05,(2012)
2695,4.6805036221897474e-05,(2006)
30669,4.6805036221897474e-05,(2005)
31070,4.6805036221897474e-05,(2009)
31100,4.6805036221897474e-05,(2007)
32010,4.6805036221897474e-05,(2002)
32015,4.6805036221897474e-05,(2001)
32068,4.6805036221897474e-05,(2007)
32215,4.6805036221897474e-05,(2004)
32216,4.6805036221897474e-05,(2001)
2959,4.6805036221897474e-05,(2009)
32878,4.6805036221897474e-05,(2008)
32943,4.6805036221897474e-05,(1999)
32963,4.6805036221897474e-05,(2010)
32964,4.6805036221897474e-05,(1994)
33063,4.6805036221897474e-05,(2004)
33114,4.6805036221897474e-05,(2006)
3208,4.6805036221897474e-05,(2002)
6526,4.6805036221897474e-05,(2012)
3340,4.6805036221897474e-05,(2012)
34724,4.6805036221897474e-05,(2009)
34725,4.6805036221897474e-05,(2009)
34827,4.6805036221897474e-05,(2008)
34906,4.6805036221897474e-05,(2009)
34957,4.6805036221897474e-05,(2010)
35361,4.6805036221897474e-05,(2010)
35903,4.6805036221897474e-05,(2002)
36068,4.6805036221897474e-05,(1999)
36122,4.6805036221897474e-05,(2010)
36774,4.6805036221897474e-05,(2000)
36936,4.6805036221897474e-05,(2009)
37937,4.160447664168665e-05,(2011)
934,4.160447664168665e-05,(2010)
3726,4.160447664168665e-05,(2012)
8932,4.160447664168665e-05,(2005)
9197,4.160447664168665e-05,(2008)
9207,4.160447664168665e-05,(2008)
9216,4.160447664168665e-05,(2008)
38937,4.160447664168665e-05,(2006)
7576,4.160447664168665e-05,(2017)
3899,4.160447664168665e-05,(1978)
39098,4.160447664168665e-05,(2011)
39103,4.160447664168665e-05,(2011)
1049,4.160447664168665e-05,(2012)
39404,4.160447664168665e-05,(1995)
9967,4.160447664168665e-05,(2008)
39603,4.160447664168665e-05,(2009)
10333,4.160447664168665e-05,(2006)
10337,4.160447664168665e-05,(2006)
39879,4.160447664168665e-05,(2010)
4311,4.160447664168665e-05,(1975)
654,4.160447664168665e-05,(2010)
11645,4.160447664168665e-05,(2006)
5065,4.160447664168665e-05,(2012)
5072,4.160447664168665e-05,(2012)
11840,4.160447664168665e-05,(2001)
11843,4.160447664168665e-05,(2008)
5244,4.160447664168665e-05,(2009)
5448,4.160447664168665e-05,(1982)
5672,4.160447664168665e-05,(2010)
12861,4.160447664168665e-05,(2012)
13273,4.160447664168665e-05,(2010)
13275,4.160447664168665e-05,(2010)
6707,4.160447664168665e-05,(2011)
13890,4.160447664168665e-05,(1975)
13943,4.160447664168665e-05,(1974)
7368,4.160447664168665e-05,(1995)
7383,4.160447664168665e-05,(2007)
7395,4.160447664168665e-05,(1997)
14227,4.160447664168665e-05,(2009)
14232,4.160447664168665e-05,(2009)
7590,4.160447664168665e-05,(2007)
7609,4.160447664168665e-05,(2007)
7612,4.160447664168665e-05,(2007)
14354,4.160447664168665e-05,(2005)
14449,4.160447664168665e-05,(2005)
15369,4.160447664168665e-05,(2009)
15376,4.160447664168665e-05,(2000)
15850,4.160447664168665e-05,(2010)
16256,4.160447664168665e-05,(2012)
16539,4.160447664168665e-05,(2009)
16715,4.160447664168665e-05,(2012)
16728,4.160447664168665e-05,(2012)
16857,4.160447664168665e-05,(2003)
17004,4.160447664168665e-05,(2006)
18135,4.160447664168665e-05,(2014)
18861,4.160447664168665e-05,(1997)
1807,4.160447664168665e-05,(1980)
1808,4.160447664168665e-05,(1987)
19082,4.160447664168665e-05,(2005)
19328,4.160447664168665e-05,(2009)
19544,4.160447664168665e-05,(1981)
19656,4.160447664168665e-05,(2007)
20064,4.160447664168665e-05,(1974)
20399,4.160447664168665e-05,(2006)
20654,4.160447664168665e-05,(1997)
20666,4.160447664168665e-05,(2005)
21330,4.160447664168665e-05,(2005)
21919,4.160447664168665e-05,(1991)
22516,4.160447664168665e-05,(2008)
22985,4.160447664168665e-05,(2013)
23632,4.160447664168665e-05,(2010)
23636,4.160447664168665e-05,(2010)
2166,4.160447664168665e-05,(2012)
23734,4.160447664168665e-05,(2010)
23994,4.160447664168665e-05,(2012)
23999,4.160447664168665e-05,(2012)
24299,4.160447664168665e-05,(2016)
24400,4.160447664168665e-05,(2009)
24789,4.160447664168665e-05,(2007)
24874,4.160447664168665e-05,(2000)
24876,4.160447664168665e-05,(2000)
24983,4.160447664168665e-05,(2009)
25577,4.160447664168665e-05,(2004)
25618,4.160447664168665e-05,(2012)
26145,4.160447664168665e-05,(2013)
26315,4.160447664168665e-05,(2010)
2480,4.160447664168665e-05,(1998)
26679,4.160447664168665e-05,(2009)
26705,4.160447664168665e-05,(2009)
26753,4.160447664168665e-05,(2010)
2495,4.160447664168665e-05,(2007)
26939,4.160447664168665e-05,(2007)
26942,4.160447664168665e-05,(2008)
27489,4.160447664168665e-05,(2006)
28472,4.160447664168665e-05,(1999)
28690,4.160447664168665e-05,(2001)
28905,4.160447664168665e-05,(2006)
28952,4.160447664168665e-05,(2007)
29062,4.160447664168665e-05,(2007)
29399,4.160447664168665e-05,(2007)
29575,4.160447664168665e-05,(1976)
30674,4.160447664168665e-05,(2008)
30680,4.160447664168665e-05,(2011)
31060,4.160447664168665e-05,(2009)
31110,4.160447664168665e-05,(2007)
31129,4.160447664168665e-05,(2007)
32258,4.160447664168665e-05,(1992)
32867,4.160447664168665e-05,(2008)
32870,4.160447664168665e-05,(2008)
32880,4.160447664168665e-05,(2008)
32908,4.160447664168665e-05,(2003)
32951,4.160447664168665e-05,(2010)
33072,4.160447664168665e-05,(2004)
33960,4.160447664168665e-05,(2009)
3209,4.160447664168665e-05,(1999)
3350,4.160447664168665e-05,(2012)
34097,4.160447664168665e-05,(2012)
34908,4.160447664168665e-05,(2009)
34918,4.160447664168665e-05,(2015)
35086,4.160447664168665e-05,(2011)
35383,4.160447664168665e-05,(2003)
36047,4.160447664168665e-05,(1999)
36801,4.160447664168665e-05,(2000)
36859,4.160447664168665e-05,(1997)
3527,4.160447664168665e-05,(2010)
3581,4.160447664168665e-05,(2012)
37942,3.6403917061475814e-05,(1993)
37951,3.6403917061475814e-05,(2005)
3721,3.6403917061475814e-05,(2012)
3730,3.6403917061475814e-05,(2012)
8979,3.6403917061475814e-05,(2010)
38729,3.6403917061475814e-05,(2010)
38935,3.6403917061475814e-05,(2009)
38946,3.6403917061475814e-05,(2009)
3889,3.6403917061475814e-05,(2008)
39396,3.6403917061475814e-05,(1997)
39472,3.6403917061475814e-05,(2012)
9959,3.6403917061475814e-05,(2003)
39490,3.6403917061475814e-05,(2003)
39494,3.6403917061475814e-05,(2010)
39507,3.6403917061475814e-05,(2008)
39517,3.6403917061475814e-05,(1998)
39880,3.6403917061475814e-05,(1995)
39925,3.6403917061475814e-05,(1995)
10756,3.6403917061475814e-05,(2011)
10760,3.6403917061475814e-05,(2007)
11018,3.6403917061475814e-05,(2012)
11669,3.6403917061475814e-05,(2002)
11677,3.6403917061475814e-05,(2006)
5224,3.6403917061475814e-05,(2013)
11919,3.6403917061475814e-05,(2016)
11922,3.6403917061475814e-05,(2008)
11925,3.6403917061475814e-05,(2006)
11936,3.6403917061475814e-05,(2016)
11947,3.6403917061475814e-05,(2009)
11970,3.6403917061475814e-05,(2009)
5447,3.6403917061475814e-05,(1981)
5699,3.6403917061475814e-05,(2010)
12489,3.6403917061475814e-05,(1992)
12604,3.6403917061475814e-05,(2010)
6033,3.6403917061475814e-05,(2010)
12871,3.6403917061475814e-05,(2012)
13320,3.6403917061475814e-05,(2001)
13326,3.6403917061475814e-05,(2010)
13739,3.6403917061475814e-05,(2009)
7396,3.6403917061475814e-05,(2009)
7435,3.6403917061475814e-05,(2005)
7437,3.6403917061475814e-05,(2011)
14235,3.6403917061475814e-05,(2009)
1394,3.6403917061475814e-05,(2012)
15297,3.6403917061475814e-05,(2008)
15707,3.6403917061475814e-05,(2011)
15952,3.6403917061475814e-05,(2010)
16518,3.6403917061475814e-05,(2007)
16712,3.6403917061475814e-05,(2011)
16717,3.6403917061475814e-05,(2012)
17073,3.6403917061475814e-05,(2002)
1747,3.6403917061475814e-05,(1987)
18147,3.6403917061475814e-05,(2014)
18152,3.6403917061475814e-05,(2008)
18159,3.6403917061475814e-05,(2014)
18800,3.6403917061475814e-05,(2012)
1819,3.6403917061475814e-05,(1987)
19064,3.6403917061475814e-05,(2006)
1821,3.6403917061475814e-05,(1982)
19092,3.6403917061475814e-05,(2006)
19257,3.6403917061475814e-05,(2012)
19300,3.6403917061475814e-05,(2008)
19348,3.6403917061475814e-05,(2007)
1842,3.6403917061475814e-05,(1993)
19722,3.6403917061475814e-05,(1996)
19785,3.6403917061475814e-05,(1986)
1871,3.6403917061475814e-05,(1987)
19977,3.6403917061475814e-05,(1986)
1898,3.6403917061475814e-05,(1993)
20379,3.6403917061475814e-05,(2008)
20471,3.6403917061475814e-05,(1997)
20618,3.6403917061475814e-05,(2009)
178,3.6403917061475814e-05,(2010)
21342,3.6403917061475814e-05,(1990)
21361,3.6403917061475814e-05,(2005)
21369,3.6403917061475814e-05,(1997)
21897,3.6403917061475814e-05,(1991)
22452,3.6403917061475814e-05,(2010)
22502,3.6403917061475814e-05,(2003)
22524,3.6403917061475814e-05,(2004)
22760,3.6403917061475814e-05,(2012)
22771,3.6403917061475814e-05,(2012)
22871,3.6403917061475814e-05,(1996)
22987,3.6403917061475814e-05,(2013)
23297,3.6403917061475814e-05,(2013)
23526,3.6403917061475814e-05,(2012)
23581,3.6403917061475814e-05,(2012)
23625,3.6403917061475814e-05,(2013)
23646,3.6403917061475814e-05,(2010)
23895,3.6403917061475814e-05,(2011)
24685,3.6403917061475814e-05,(2007)
24994,3.6403917061475814e-05,(2004)
25613,3.6403917061475814e-05,(2004)
25619,3.6403917061475814e-05,(2006)
26052,3.6403917061475814e-05,(2003)
26405,3.6403917061475814e-05,(2009)
2477,3.6403917061475814e-05,(2007)
2498,3.6403917061475814e-05,(2002)
26921,3.6403917061475814e-05,(2004)
26943,3.6403917061475814e-05,(2008)
27504,3.6403917061475814e-05,(2009)
27721,3.6403917061475814e-05,(2009)
5238,3.6403917061475814e-05,(2009)
28729,3.6403917061475814e-05,(2009)
29032,3.6403917061475814e-05,(2011)
29049,3.6403917061475814e-05,(2007)
29724,3.6403917061475814e-05,(1983)
29926,3.6403917061475814e-05,(1983)
31092,3.6403917061475814e-05,(2007)
31108,3.6403917061475814e-05,(2011)
31485,3.6403917061475814e-05,(2014)
32218,3.6403917061475814e-05,(2006)
32264,3.6403917061475814e-05,(1995)
2968,3.6403917061475814e-05,(2009)
32833,3.6403917061475814e-05,(2010)
33062,3.6403917061475814e-05,(2012)
33339,3.6403917061475814e-05,(2011)
3127,3.6403917061475814e-05,(2001)
33426,3.6403917061475814e-05,(2015)
33434,3.6403917061475814e-05,(2007)
3130,3.6403917061475814e-05,(2002)
33475,3.6403917061475814e-05,(2007)
3345,3.6403917061475814e-05,(2012)
3348,3.6403917061475814e-05,(2012)
34103,3.6403917061475814e-05,(2012)
34723,3.6403917061475814e-05,(2006)
34816,3.6403917061475814e-05,(2008)
34831,3.6403917061475814e-05,(2008)
35239,3.6403917061475814e-05,(1999)
35370,3.6403917061475814e-05,(2003)
35901,3.6403917061475814e-05,(2002)
35910,3.6403917061475814e-05,(2005)
6930,3.6403917061475814e-05,(2009)
36012,3.6403917061475814e-05,(1994)
36014,3.6403917061475814e-05,(2008)
36016,3.6403917061475814e-05,(1999)
3528,3.6403917061475814e-05,(2010)
36934,3.6403917061475814e-05,(2009)
37171,3.6403917061475814e-05,(1987)
37197,3.6403917061475814e-05,(2008)
37945,3.120335748126499e-05,(2009)
932,3.120335748126499e-05,(2010)
8513,3.120335748126499e-05,(2010)
8635,3.120335748126499e-05,(2001)
8660,3.120335748126499e-05,(2001)
8960,3.120335748126499e-05,(2005)
8981,3.120335748126499e-05,(2014)
38543,3.120335748126499e-05,(2005)
9162,3.120335748126499e-05,(1987)
9171,3.120335748126499e-05,(2003)
38702,3.120335748126499e-05,(2004)
38708,3.120335748126499e-05,(2004)
9254,3.120335748126499e-05,(2013)
38969,3.120335748126499e-05,(1984)
3870,3.120335748126499e-05,(1978)
39323,3.120335748126499e-05,(1991)
1046,3.120335748126499e-05,(2012)
39347,3.120335748126499e-05,(2010)
39459,3.120335748126499e-05,(2012)
39529,3.120335748126499e-05,(2003)
10084,3.120335748126499e-05,(2016)
39662,3.120335748126499e-05,(2007)
10218,3.120335748126499e-05,(2011)
39865,3.120335748126499e-05,(2010)
39874,3.120335748126499e-05,(1985)
10684,3.120335748126499e-05,(2005)
10695,3.120335748126499e-05,(2005)
4252,3.120335748126499e-05,(2009)
10984,3.120335748126499e-05,(2010)
4700,3.120335748126499e-05,(2008)
4728,3.120335748126499e-05,(2013)
559,3.120335748126499e-05,(2005)
561,3.120335748126499e-05,(2005)
11647,3.120335748126499e-05,(2006)
11650,3.120335748126499e-05,(1988)
11926,3.120335748126499e-05,(2008)
11927,3.120335748126499e-05,(2004)
11934,3.120335748126499e-05,(2008)
12233,3.120335748126499e-05,(2001)
12242,3.120335748126499e-05,(2004)
12470,3.120335748126499e-05,(1994)
13187,3.120335748126499e-05,(2010)
6529,3.120335748126499e-05,(2012)
13323,3.120335748126499e-05,(2001)
13873,3.120335748126499e-05,(1990)
7286,3.120335748126499e-05,(2002)
13989,3.120335748126499e-05,(2011)
7318,3.120335748126499e-05,(2012)
7350,3.120335748126499e-05,(2002)
14196,3.120335748126499e-05,(2010)
7616,3.120335748126499e-05,(2007)
7622,3.120335748126499e-05,(2009)
8005,3.120335748126499e-05,(1997)
8013,3.120335748126499e-05,(1997)
15555,3.120335748126499e-05,(1978)
15930,3.120335748126499e-05,(2010)
16521,3.120335748126499e-05,(2003)
16559,3.120335748126499e-05,(2010)
16569,3.120335748126499e-05,(2009)
16664,3.120335748126499e-05,(2009)
16684,3.120335748126499e-05,(2010)
16729,3.120335748126499e-05,(2012)
16811,3.120335748126499e-05,(2009)
17057,3.120335748126499e-05,(2002)
1736,3.120335748126499e-05,(1978)
17824,3.120335748126499e-05,(1989)
18156,3.120335748126499e-05,(2010)
18163,3.120335748126499e-05,(2014)
18854,3.120335748126499e-05,(2010)
18868,3.120335748126499e-05,(1997)
18869,3.120335748126499e-05,(1997)
18941,3.120335748126499e-05,(2006)
19263,3.120335748126499e-05,(2012)
19492,3.120335748126499e-05,(2009)
19496,3.120335748126499e-05,(2009)
19548,3.120335748126499e-05,(1992)
19554,3.120335748126499e-05,(1979)
19566,3.120335748126499e-05,(1996)
19679,3.120335748126499e-05,(1988)
19690,3.120335748126499e-05,(1984)
19700,3.120335748126499e-05,(2007)
19707,3.120335748126499e-05,(1979)
19790,3.120335748126499e-05,(1979)
1862,3.120335748126499e-05,(1978)
1892,3.120335748126499e-05,(1981)
19951,3.120335748126499e-05,(1985)
19981,3.120335748126499e-05,(1985)
20018,3.120335748126499e-05,(1981)
1902,3.120335748126499e-05,(1985)
1903,3.120335748126499e-05,(1982)
20401,3.120335748126499e-05,(2006)
1947,3.120335748126499e-05,(2007)
20664,3.120335748126499e-05,(2005)
21353,3.120335748126499e-05,(2005)
21376,3.120335748126499e-05,(1997)
21389,3.120335748126499e-05,(2002)
21908,3.120335748126499e-05,(2009)
22499,3.120335748126499e-05,(2008)
22766,3.120335748126499e-05,(2012)
23523,3.120335748126499e-05,(2012)
23587,3.120335748126499e-05,(2012)
24702,3.120335748126499e-05,(2007)
24703,3.120335748126499e-05,(2004)
24740,3.120335748126499e-05,(2000)
24862,3.120335748126499e-05,(2000)
25009,3.120335748126499e-05,(2011)
25223,3.120335748126499e-05,(2009)
562,3.120335748126499e-05,(2005)
25651,3.120335748126499e-05,(2008)
25663,3.120335748126499e-05,(2004)
25674,3.120335748126499e-05,(2008)
26090,3.120335748126499e-05,(2011)
26286,3.120335748126499e-05,(2006)
2471,3.120335748126499e-05,(2002)
2484,3.120335748126499e-05,(1998)
26741,3.120335748126499e-05,(2010)
26748,3.120335748126499e-05,(2010)
26956,3.120335748126499e-05,(2004)
27096,3.120335748126499e-05,(2005)
28142,3.120335748126499e-05,(2011)
28346,3.120335748126499e-05,(2009)
28674,3.120335748126499e-05,(2009)
28725,3.120335748126499e-05,(1996)
2638,3.120335748126499e-05,(2001)
28981,3.120335748126499e-05,(2002)
2644,3.120335748126499e-05,(2001)
29158,3.120335748126499e-05,(2013)
29459,3.120335748126499e-05,(2007)
29738,3.120335748126499e-05,(2008)
31080,3.120335748126499e-05,(2011)
31302,3.120335748126499e-05,(2017)
32194,3.120335748126499e-05,(2004)
32200,3.120335748126499e-05,(2004)
32367,3.120335748126499e-05,(2009)
32834,3.120335748126499e-05,(2010)
32961,3.120335748126499e-05,(1994)
33056,3.120335748126499e-05,(2004)
33329,3.120335748126499e-05,(2015)
3141,3.120335748126499e-05,(2001)
33964,3.120335748126499e-05,(2009)
3349,3.120335748126499e-05,(2012)
34100,3.120335748126499e-05,(2012)
34973,3.120335748126499e-05,(2010)
35062,3.120335748126499e-05,(2011)
35378,3.120335748126499e-05,(2007)
35395,3.120335748126499e-05,(2003)
35396,3.120335748126499e-05,(2003)
35881,3.120335748126499e-05,(2007)
35897,3.120335748126499e-05,(2007)
36028,3.120335748126499e-05,(2008)
36796,3.120335748126499e-05,(2000)
36916,3.120335748126499e-05,(1997)
37042,3.120335748126499e-05,(2013)
37151,3.120335748126499e-05,(2008)
37235,3.120335748126499e-05,(1987)
37826,2.6002797901054154e-05,(2013)
8218,2.6002797901054154e-05,(2012)
37952,2.6002797901054154e-05,(2005)
37958,2.6002797901054154e-05,(2005)
8315,2.6002797901054154e-05,(2009)
8936,2.6002797901054154e-05,(2010)
8962,2.6002797901054154e-05,(2014)
38483,2.6002797901054154e-05,(2006)
38539,2.6002797901054154e-05,(2006)
9233,2.6002797901054154e-05,(2013)
38898,2.6002797901054154e-05,(2009)
38906,2.6002797901054154e-05,(2009)
38919,2.6002797901054154e-05,(2006)
38983,2.6002797901054154e-05,(1981)
101,2.6002797901054154e-05,(212)
104,2.6002797901054154e-05,(2013)
99,2.6002797901054154e-05,(2013)
3856,2.6002797901054154e-05,(1978)
3879,2.6002797901054154e-05,(2008)
3892,2.6002797901054154e-05,(1978)
39102,2.6002797901054154e-05,(2011)
39413,2.6002797901054154e-05,(2010)
39415,2.6002797901054154e-05,(2010)
39446,2.6002797901054154e-05,(2001)
9935,2.6002797901054154e-05,(1987)
39499,2.6002797901054154e-05,(2003)
39526,2.6002797901054154e-05,(1998)
10091,2.6002797901054154e-05,(2016)
10094,2.6002797901054154e-05,(2016)
39667,2.6002797901054154e-05,(2007)
39869,2.6002797901054154e-05,(1997)
10358,2.6002797901054154e-05,(2004)
39905,2.6002797901054154e-05,(1997)
10704,2.6002797901054154e-05,(2008)
10729,2.6002797901054154e-05,(2005)
4316,2.6002797901054154e-05,(1975)
10954,2.6002797901054154e-05,(2012)
10998,2.6002797901054154e-05,(2012)
11053,2.6002797901054154e-05,(2012)
4671,2.6002797901054154e-05,(2005)
4749,2.6002797901054154e-05,(2011)
4764,2.6002797901054154e-05,(2012)
11654,2.6002797901054154e-05,(2002)
5036,2.6002797901054154e-05,(2000)
11687,2.6002797901054154e-05,(2002)
5049,2.6002797901054154e-05,(2002)
11702,2.6002797901054154e-05,(2006)
11708,2.6002797901054154e-05,(2006)
11767,2.6002797901054154e-05,(2011)
11824,2.6002797901054154e-05,(2001)
5230,2.6002797901054154e-05,(2013)
11901,2.6002797901054154e-05,(2004)
11902,2.6002797901054154e-05,(2006)
11924,2.6002797901054154e-05,(2006)
5456,2.6002797901054154e-05,(1983)
12135,2.6002797901054154e-05,(2010)
5692,2.6002797901054154e-05,(2005)
12634,2.6002797901054154e-05,(2012)
6130,2.6002797901054154e-05,(2010)
12881,2.6002797901054154e-05,(2009)
12886,2.6002797901054154e-05,(2009)
6308,2.6002797901054154e-05,(1992)
6525,2.6002797901054154e-05,(2012)
13203,2.6002797901054154e-05,(2009)
13238,2.6002797901054154e-05,(2009)
13262,2.6002797901054154e-05,(2010)
6667,2.6002797901054154e-05,(2008)
7171,2.6002797901054154e-05,(2012)
7328,2.6002797901054154e-05,(2010)
7360,2.6002797901054154e-05,(2010)
7399,2.6002797901054154e-05,(2011)
7658,2.6002797901054154e-05,(2010)
7913,2.6002797901054154e-05,(2012)
16495,2.6002797901054154e-05,(2007)
16543,2.6002797901054154e-05,(2005)
16708,2.6002797901054154e-05,(2010)
16737,2.6002797901054154e-05,(2007)
16878,2.6002797901054154e-05,(2008)
16968,2.6002797901054154e-05,(2006)
17362,2.6002797901054154e-05,(2012)
17413,2.6002797901054154e-05,(2010)
1750,2.6002797901054154e-05,(1988)
1761,2.6002797901054154e-05,(1974)
17889,2.6002797901054154e-05,(1987)
18133,2.6002797901054154e-05,(2014)
18828,2.6002797901054154e-05,(2006)
18857,2.6002797901054154e-05,(2000)
1786,2.6002797901054154e-05,(1987)
18878,2.6002797901054154e-05,(2000)
18939,2.6002797901054154e-05,(2008)
1795,2.6002797901054154e-05,(1984)
19065,2.6002797901054154e-05,(2008)
19074,2.6002797901054154e-05,(2008)
19113,2.6002797901054154e-05,(2010)
1823,2.6002797901054154e-05,(1993)
1836,2.6002797901054154e-05,(1990)
19359,2.6002797901054154e-05,(2007)
19546,2.6002797901054154e-05,(1992)
19574,2.6002797901054154e-05,(1996)
19648,2.6002797901054154e-05,(1988)
19668,2.6002797901054154e-05,(1996)
1907,2.6002797901054154e-05,(1980)
20359,2.6002797901054154e-05,(2008)
20506,2.6002797901054154e-05,(2012)
1943,2.6002797901054154e-05,(2007)
21008,2.6002797901054154e-05,(2008)
21082,2.6002797901054154e-05,(2011)
21086,2.6002797901054154e-05,(2011)
21324,2.6002797901054154e-05,(2010)
21326,2.6002797901054154e-05,(2010)
21397,2.6002797901054154e-05,(1993)
22031,2.6002797901054154e-05,(1993)
22046,2.6002797901054154e-05,(1980)
22872,2.6002797901054154e-05,(1996)
23508,2.6002797901054154e-05,(2012)
23521,2.6002797901054154e-05,(2015)
23638,2.6002797901054154e-05,(2010)
24746,2.6002797901054154e-05,(2007)
4794,2.6002797901054154e-05,(2012)
560,2.6002797901054154e-05,(2005)
25667,2.6002797901054154e-05,(2012)
25987,2.6002797901054154e-05,(2009)
26034,2.6002797901054154e-05,(2005)
26212,2.6002797901054154e-05,(2005)
26234,2.6002797901054154e-05,(2005)
26337,2.6002797901054154e-05,(2010)
26359,2.6002797901054154e-05,(2006)
2476,2.6002797901054154e-05,(2007)
2489,2.6002797901054154e-05,(1998)
27114,2.6002797901054154e-05,(2011)
27506,2.6002797901054154e-05,(2004)
27727,2.6002797901054154e-05,(2009)
27739,2.6002797901054154e-05,(2006)
27773,2.6002797901054154e-05,(2005)
5251,2.6002797901054154e-05,(2009)
28140,2.6002797901054154e-05,(2011)
28294,2.6002797901054154e-05,(1999)
28314,2.6002797901054154e-05,(2009)
28477,2.6002797901054154e-05,(2009)
28656,2.6002797901054154e-05,(2009)
29017,2.6002797901054154e-05,(2009)
29040,2.6002797901054154e-05,(2007)
2659,2.6002797901054154e-05,(2007)
29375,2.6002797901054154e-05,(2000)
29550,2.6002797901054154e-05,(1982)
29606,2.6002797901054154e-05,(1982)
29979,2.6002797901054154e-05,(1985)
30207,2.6002797901054154e-05,(2008)
30222,2.6002797901054154e-05,(1998)
30227,2.6002797901054154e-05,(2003)
30230,2.6002797901054154e-05,(2003)
30234,2.6002797901054154e-05,(2009)
30356,2.6002797901054154e-05,(2012)
2752,2.6002797901054154e-05,(2008)
31073,2.6002797901054154e-05,(2009)
31093,2.6002797901054154e-05,(2013)
31102,2.6002797901054154e-05,(2004)
31105,2.6002797901054154e-05,(2011)
2784,2.6002797901054154e-05,(2008)
31711,2.6002797901054154e-05,(2012)
31742,2.6002797901054154e-05,(2012)
31750,2.6002797901054154e-05,(2012)
32028,2.6002797901054154e-05,(2007)
32290,2.6002797901054154e-05,(1984)
2953,2.6002797901054154e-05,(2009)
2956,2.6002797901054154e-05,(2009)
32701,2.6002797901054154e-05,(2012)
32907,2.6002797901054154e-05,(1995)
32925,2.6002797901054154e-05,(1995)
33085,2.6002797901054154e-05,(2004)
6312,2.6002797901054154e-05,(1995)
33103,2.6002797901054154e-05,(2009)
33120,2.6002797901054154e-05,(2012)
33122,2.6002797901054154e-05,(2006)
33125,2.6002797901054154e-05,(2009)
3119,2.6002797901054154e-05,(2002)
33407,2.6002797901054154e-05,(2011)
3156,2.6002797901054154e-05,(2001)
3190,2.6002797901054154e-05,(2011)
3258,2.6002797901054154e-05,(2011)
34702,2.6002797901054154e-05,(2009)
34713,2.6002797901054154e-05,(2007)
34731,2.6002797901054154e-05,(2009)
34921,2.6002797901054154e-05,(2015)
34967,2.6002797901054154e-05,(2008)
35371,2.6002797901054154e-05,(2007)
35390,2.6002797901054154e-05,(2005)
36045,2.6002797901054154e-05,(1999)
36506,2.6002797901054154e-05,(2002)
36799,2.6002797901054154e-05,(2000)
36868,2.6002797901054154e-05,(2007)
36932,2.6002797901054154e-05,(2009)
36941,2.6002797901054154e-05,(2009)
37036,2.6002797901054154e-05,(1998)
37068,2.6002797901054154e-05,(2001)
37096,2.6002797901054154e-05,(2011)
8212,2.0802238320843324e-05,(2012)
8938,2.0802238320843324e-05,(2014)
38565,2.0802238320843324e-05,(2005)
38570,2.0802238320843324e-05,(2006)
9073,2.0802238320843324e-05,(1978)
9116,2.0802238320843324e-05,(2005)
9134,2.0802238320843324e-05,(1991)
9164,2.0802238320843324e-05,(2003)
9225,2.0802238320843324e-05,(1999)
38732,2.0802238320843324e-05,(2010)
9351,2.0802238320843324e-05,(2010)
38911,2.0802238320843324e-05,(2006)
3898,2.0802238320843324e-05,(1980)
3903,2.0802238320843324e-05,(2008)
39317,2.0802238320843324e-05,(1995)
1048,2.0802238320843324e-05,(2012)
9917,2.0802238320843324e-05,(1982)
39448,2.0802238320843324e-05,(2009)
39474,2.0802238320843324e-05,(2003)
39483,2.0802238320843324e-05,(2010)
39493,2.0802238320843324e-05,(2008)
39518,2.0802238320843324e-05,(1989)
39663,2.0802238320843324e-05,(2007)
10334,2.0802238320843324e-05,(2004)
39889,2.0802238320843324e-05,(2011)
39908,2.0802238320843324e-05,(1988)
39933,2.0802238320843324e-05,(1997)
11028,2.0802238320843324e-05,(2012)
11128,2.0802238320843324e-05,(2007)
11133,2.0802238320843324e-05,(2007)
4656,2.0802238320843324e-05,(2008)
623,2.0802238320843324e-05,(2010)
683,2.0802238320843324e-05,(2010)
11514,2.0802238320843324e-05,(2010)
11643,2.0802238320843324e-05,(2006)
11670,2.0802238320843324e-05,(2006)
11940,2.0802238320843324e-05,(2006)
11956,2.0802238320843324e-05,(2009)
5438,2.0802238320843324e-05,(1981)
12410,2.0802238320843324e-05,(1990)
12412,2.0802238320843324e-05,(1992)
12457,2.0802238320843324e-05,(1990)
12486,2.0802238320843324e-05,(1990)
6148,2.0802238320843324e-05,(2010)
6153,2.0802238320843324e-05,(2010)
6242,2.0802238320843324e-05,(1995)
6286,2.0802238320843324e-05,(1995)
6521,2.0802238320843324e-05,(2012)
6522,2.0802238320843324e-05,(2012)
6535,2.0802238320843324e-05,(2012)
13265,2.0802238320843324e-05,(2004)
13336,2.0802238320843324e-05,(2001)
7273,2.0802238320843324e-05,(2007)
13932,2.0802238320843324e-05,(1975)
7293,2.0802238320843324e-05,(2012)
7311,2.0802238320843324e-05,(1999)
7315,2.0802238320843324e-05,(2009)
7381,2.0802238320843324e-05,(1998)
7391,2.0802238320843324e-05,(2012)
1371,2.0802238320843324e-05,(2010)
15296,2.0802238320843324e-05,(2008)
15855,2.0802238320843324e-05,(2010)
15960,2.0802238320843324e-05,(2010)
16492,2.0802238320843324e-05,(1997)
16553,2.0802238320843324e-05,(2009)
16660,2.0802238320843324e-05,(2011)
16663,2.0802238320843324e-05,(2012)
16733,2.0802238320843324e-05,(2007)
16799,2.0802238320843324e-05,(2010)
16806,2.0802238320843324e-05,(2009)
16858,2.0802238320843324e-05,(2003)
17021,2.0802238320843324e-05,(2006)
17028,2.0802238320843324e-05,(2000)
17061,2.0802238320843324e-05,(2006)
18150,2.0802238320843324e-05,(2010)
18161,2.0802238320843324e-05,(2008)
18812,2.0802238320843324e-05,(2010)
18821,2.0802238320843324e-05,(1997)
18843,2.0802238320843324e-05,(1997)
19075,2.0802238320843324e-05,(2008)
19256,2.0802238320843324e-05,(2012)
19262,2.0802238320843324e-05,(2012)
19330,2.0802238320843324e-05,(2011)
19351,2.0802238320843324e-05,(2009)
19515,2.0802238320843324e-05,(2009)
19575,2.0802238320843324e-05,(1990)
19654,2.0802238320843324e-05,(2007)
1889,2.0802238320843324e-05,(1990)
19963,2.0802238320843324e-05,(1981)
19970,2.0802238320843324e-05,(1980)
20882,2.0802238320843324e-05,(1984)
20939,2.0802238320843324e-05,(2011)
21035,2.0802238320843324e-05,(2008)
21327,2.0802238320843324e-05,(1989)
21918,2.0802238320843324e-05,(1995)
22171,2.0802238320843324e-05,(2012)
22295,2.0802238320843324e-05,(2013)
22453,2.0802238320843324e-05,(2008)
22510,2.0802238320843324e-05,(2003)
22538,2.0802238320843324e-05,(2003)
23678,2.0802238320843324e-05,(2012)
23727,2.0802238320843324e-05,(2010)
23738,2.0802238320843324e-05,(2010)
24306,2.0802238320843324e-05,(2013)
24314,2.0802238320843324e-05,(2013)
24881,2.0802238320843324e-05,(2000)
25384,2.0802238320843324e-05,(2010)
25386,2.0802238320843324e-05,(2010)
25388,2.0802238320843324e-05,(2010)
25990,2.0802238320843324e-05,(2003)
26083,2.0802238320843324e-05,(2011)
26086,2.0802238320843324e-05,(2011)
26217,2.0802238320843324e-05,(2007)
26228,2.0802238320843324e-05,(2007)
26306,2.0802238320843324e-05,(1980)
26312,2.0802238320843324e-05,(1978)
26346,2.0802238320843324e-05,(1980)
26357,2.0802238320843324e-05,(2006)
2478,2.0802238320843324e-05,(2002)
26455,2.0802238320843324e-05,(1979)
26687,2.0802238320843324e-05,(2009)
26702,2.0802238320843324e-05,(2006)
26738,2.0802238320843324e-05,(2010)
26931,2.0802238320843324e-05,(2007)
26951,2.0802238320843324e-05,(2007)
27103,2.0802238320843324e-05,(2009)
27118,2.0802238320843324e-05,(2011)
27159,2.0802238320843324e-05,(2003)
27175,2.0802238320843324e-05,(2011)
27323,2.0802238320843324e-05,(2009)
27498,2.0802238320843324e-05,(2004)
27730,2.0802238320843324e-05,(1998)
27742,2.0802238320843324e-05,(1998)
27754,2.0802238320843324e-05,(2005)
28100,2.0802238320843324e-05,(2011)
28262,2.0802238320843324e-05,(2012)
28691,2.0802238320843324e-05,(2009)
28945,2.0802238320843324e-05,(2007)
28955,2.0802238320843324e-05,(2007)
29166,2.0802238320843324e-05,(2013)
2670,2.0802238320843324e-05,(2007)
29473,2.0802238320843324e-05,(1982)
29551,2.0802238320843324e-05,(2000)
29566,2.0802238320843324e-05,(1979)
29687,2.0802238320843324e-05,(2013)
29726,2.0802238320843324e-05,(2013)
30195,2.0802238320843324e-05,(2011)
2701,2.0802238320843324e-05,(2007)
31097,2.0802238320843324e-05,(2007)
32021,2.0802238320843324e-05,(2002)
32203,2.0802238320843324e-05,(2006)
32297,2.0802238320843324e-05,(2009)
32322,2.0802238320843324e-05,(1984)
32345,2.0802238320843324e-05,(1995)
32346,2.0802238320843324e-05,(1995)
32831,2.0802238320843324e-05,(2010)
32873,2.0802238320843324e-05,(2008)
32879,2.0802238320843324e-05,(2008)
32906,2.0802238320843324e-05,(2003)
33073,2.0802238320843324e-05,(2004)
33080,2.0802238320843324e-05,(2004)
33091,2.0802238320843324e-05,(2011)
33272,2.0802238320843324e-05,(2010)
33437,2.0802238320843324e-05,(2015)
3144,2.0802238320843324e-05,(1999)
3343,2.0802238320843324e-05,(2012)
34460,2.0802238320843324e-05,(2010)
34464,2.0802238320843324e-05,(2010)
34721,2.0802238320843324e-05,(2006)
34739,2.0802238320843324e-05,(2007)
34838,2.0802238320843324e-05,(2011)
35042,2.0802238320843324e-05,(2011)
35096,2.0802238320843324e-05,(2011)
35176,2.0802238320843324e-05,(2007)
35212,2.0802238320843324e-05,(2004)
35219,2.0802238320843324e-05,(1999)
35885,2.0802238320843324e-05,(2007)
35889,2.0802238320843324e-05,(2007)
35900,2.0802238320843324e-05,(2002)
35911,2.0802238320843324e-05,(2005)
36021,2.0802238320843324e-05,(1999)
36046,2.0802238320843324e-05,(1994)
36061,2.0802238320843324e-05,(2008)
36065,2.0802238320843324e-05,(2011)
36121,2.0802238320843324e-05,(2010)
36514,2.0802238320843324e-05,(2002)
36780,2.0802238320843324e-05,(2000)
36781,2.0802238320843324e-05,(2000)
3521,2.0802238320843324e-05,(2010)
37029,2.0802238320843324e-05,(2001)
37106,2.0802238320843324e-05,(1998)
37169,2.0802238320843324e-05,(2004)
37179,2.0802238320843324e-05,(2004)
8210,1.5601678740632493e-05,(2012)
8217,1.5601678740632493e-05,(2012)
37947,1.5601678740632493e-05,(1993)
37953,1.5601678740632493e-05,(2005)
8611,1.5601678740632493e-05,(2004)
8629,1.5601678740632493e-05,(2008)
38437,1.5601678740632493e-05,(2005)
38466,1.5601678740632493e-05,(2010)
8931,1.5601678740632493e-05,(2005)
8947,1.5601678740632493e-05,(2005)
8959,1.5601678740632493e-05,(2010)
38517,1.5601678740632493e-05,(2008)
9002,1.5601678740632493e-05,(2007)
38524,1.5601678740632493e-05,(2008)
9082,1.5601678740632493e-05,(1985)
9083,1.5601678740632493e-05,(1983)
9098,1.5601678740632493e-05,(1993)
9208,1.5601678740632493e-05,(1999)
9220,1.5601678740632493e-05,(1999)
9226,1.5601678740632493e-05,(1999)
9232,1.5601678740632493e-05,(1999)
9242,1.5601678740632493e-05,(2008)
9348,1.5601678740632493e-05,(2010)
38885,1.5601678740632493e-05,(2006)
3868,1.5601678740632493e-05,(1978)
3897,1.5601678740632493e-05,(2008)
39095,1.5601678740632493e-05,(2011)
9787,1.5601678740632493e-05,(1987)
39357,1.5601678740632493e-05,(1986)
39363,1.5601678740632493e-05,(2010)
39392,1.5601678740632493e-05,(2010)
39401,1.5601678740632493e-05,(2010)
39409,1.5601678740632493e-05,(1995)
39481,1.5601678740632493e-05,(2010)
39501,1.5601678740632493e-05,(2003)
39520,1.5601678740632493e-05,(2012)
39584,1.5601678740632493e-05,(2005)
10092,1.5601678740632493e-05,(2016)
10093,1.5601678740632493e-05,(2016)
39690,1.5601678740632493e-05,(2002)
39713,1.5601678740632493e-05,(2010)
10340,1.5601678740632493e-05,(2006)
39883,1.5601678740632493e-05,(2010)
10690,1.5601678740632493e-05,(2005)
10711,1.5601678740632493e-05,(2007)
10955,1.5601678740632493e-05,(2012)
4654,1.5601678740632493e-05,(2008)
4669,1.5601678740632493e-05,(2005)
616,1.5601678740632493e-05,(2010)
690,1.5601678740632493e-05,(2010)
5042,1.5601678740632493e-05,(2002)
11729,1.5601678740632493e-05,(2002)
11844,1.5601678740632493e-05,(2001)
11903,1.5601678740632493e-05,(2016)
5248,1.5601678740632493e-05,(2009)
5252,1.5601678740632493e-05,(2009)
11918,1.5601678740632493e-05,(2008)
5345,1.5601678740632493e-05,(2009)
5445,1.5601678740632493e-05,(1981)
12255,1.5601678740632493e-05,(2004)
12397,1.5601678740632493e-05,(2013)
12454,1.5601678740632493e-05,(1994)
12626,1.5601678740632493e-05,(2012)
12635,1.5601678740632493e-05,(2012)
12868,1.5601678740632493e-05,(2012)
12888,1.5601678740632493e-05,(2009)
6277,1.5601678740632493e-05,(1992)
6348,1.5601678740632493e-05,(1993)
6349,1.5601678740632493e-05,(1992)
13288,1.5601678740632493e-05,(2009)
6658,1.5601678740632493e-05,(2006)
13325,1.5601678740632493e-05,(2010)
6669,1.5601678740632493e-05,(2011)
6697,1.5601678740632493e-05,(2008)
7243,1.5601678740632493e-05,(2012)
7244,1.5601678740632493e-05,(1997)
13897,1.5601678740632493e-05,(1975)
7274,1.5601678740632493e-05,(2010)
7276,1.5601678740632493e-05,(2007)
7322,1.5601678740632493e-05,(2001)
7329,1.5601678740632493e-05,(2001)
7403,1.5601678740632493e-05,(1995)
14194,1.5601678740632493e-05,(2010)
7601,1.5601678740632493e-05,(2007)
7624,1.5601678740632493e-05,(2007)
14367,1.5601678740632493e-05,(2005)
8016,1.5601678740632493e-05,(1997)
15288,1.5601678740632493e-05,(2008)
15291,1.5601678740632493e-05,(2008)
15348,1.5601678740632493e-05,(2007)
15371,1.5601678740632493e-05,(2000)
15374,1.5601678740632493e-05,(2007)
15385,1.5601678740632493e-05,(2007)
1409,1.5601678740632493e-05,(2012)
15550,1.5601678740632493e-05,(1978)
15556,1.5601678740632493e-05,(1978)
15667,1.5601678740632493e-05,(2011)
15939,1.5601678740632493e-05,(2010)
16483,1.5601678740632493e-05,(2003)
16516,1.5601678740632493e-05,(2003)
16551,1.5601678740632493e-05,(2007)
16587,1.5601678740632493e-05,(2003)
16709,1.5601678740632493e-05,(2007)
16727,1.5601678740632493e-05,(2010)
16807,1.5601678740632493e-05,(2009)
16854,1.5601678740632493e-05,(2008)
17069,1.5601678740632493e-05,(2000)
17070,1.5601678740632493e-05,(2006)
1760,1.5601678740632493e-05,(1990)
1767,1.5601678740632493e-05,(1993)
1769,1.5601678740632493e-05,(1974)
18136,1.5601678740632493e-05,(2010)
18139,1.5601678740632493e-05,(2008)
18155,1.5601678740632493e-05,(2010)
18508,1.5601678740632493e-05,(2012)
18725,1.5601678740632493e-05,(2010)
18727,1.5601678740632493e-05,(2010)
18866,1.5601678740632493e-05,(2010)
18927,1.5601678740632493e-05,(2008)
1800,1.5601678740632493e-05,(1974)
19084,1.5601678740632493e-05,(2005)
19087,1.5601678740632493e-05,(2008)
19109,1.5601678740632493e-05,(2008)
19349,1.5601678740632493e-05,(2009)
19356,1.5601678740632493e-05,(2007)
174,1.5601678740632493e-05,(2010)
1837,1.5601678740632493e-05,(1988)
19505,1.5601678740632493e-05,(2007)
1843,1.5601678740632493e-05,(1974)
19512,1.5601678740632493e-05,(2009)
19523,1.5601678740632493e-05,(2009)
19564,1.5601678740632493e-05,(1988)
19568,1.5601678740632493e-05,(2002)
19740,1.5601678740632493e-05,(2002)
19787,1.5601678740632493e-05,(2002)
1887,1.5601678740632493e-05,(1976)
19962,1.5601678740632493e-05,(1982)
20045,1.5601678740632493e-05,(1975)
20054,1.5601678740632493e-05,(1973)
20088,1.5601678740632493e-05,(1975)
20353,1.5601678740632493e-05,(2008)
20504,1.5601678740632493e-05,(1997)
20518,1.5601678740632493e-05,(1997)
20626,1.5601678740632493e-05,(2005)
20632,1.5601678740632493e-05,(2005)
20652,1.5601678740632493e-05,(1997)
20891,1.5601678740632493e-05,(1991)
21040,1.5601678740632493e-05,(2011)
21329,1.5601678740632493e-05,(1989)
21336,1.5601678740632493e-05,(1990)
21337,1.5601678740632493e-05,(1990)
21358,1.5601678740632493e-05,(1997)
21411,1.5601678740632493e-05,(2005)
21883,1.5601678740632493e-05,(2004)
21888,1.5601678740632493e-05,(2004)
22142,1.5601678740632493e-05,(2011)
22301,1.5601678740632493e-05,(2013)
22461,1.5601678740632493e-05,(2009)
22472,1.5601678740632493e-05,(2003)
22534,1.5601678740632493e-05,(2004)
22632,1.5601678740632493e-05,(2011)
22644,1.5601678740632493e-05,(2011)
22768,1.5601678740632493e-05,(2012)
22774,1.5601678740632493e-05,(2012)
23533,1.5601678740632493e-05,(2012)
23626,1.5601678740632493e-05,(2013)
23685,1.5601678740632493e-05,(2012)
23731,1.5601678740632493e-05,(2010)
23897,1.5601678740632493e-05,(2011)
23898,1.5601678740632493e-05,(2011)
23900,1.5601678740632493e-05,(2011)
24308,1.5601678740632493e-05,(2013)
24317,1.5601678740632493e-05,(2013)
24705,1.5601678740632493e-05,(2004)
24765,1.5601678740632493e-05,(2000)
24976,1.5601678740632493e-05,(2004)
25005,1.5601678740632493e-05,(2006)
25385,1.5601678740632493e-05,(2010)
25676,1.5601678740632493e-05,(2001)
26023,1.5601678740632493e-05,(2003)
26026,1.5601678740632493e-05,(2009)
26231,1.5601678740632493e-05,(2007)
26296,1.5601678740632493e-05,(2010)
26298,1.5601678740632493e-05,(1978)
26317,1.5601678740632493e-05,(2006)
26332,1.5601678740632493e-05,(2010)
2468,1.5601678740632493e-05,(1998)
26438,1.5601678740632493e-05,(1979)
26440,1.5601678740632493e-05,(1979)
2491,1.5601678740632493e-05,(2007)
26681,1.5601678740632493e-05,(2009)
26696,1.5601678740632493e-05,(2003)
26911,1.5601678740632493e-05,(2004)
26929,1.5601678740632493e-05,(2008)
26932,1.5601678740632493e-05,(2004)
26940,1.5601678740632493e-05,(2008)
27115,1.5601678740632493e-05,(2005)
27125,1.5601678740632493e-05,(2009)
27135,1.5601678740632493e-05,(2002)
27139,1.5601678740632493e-05,(2011)
27141,1.5601678740632493e-05,(2007)
27152,1.5601678740632493e-05,(2002)
27510,1.5601678740632493e-05,(2004)
5239,1.5601678740632493e-05,(2009)
28250,1.5601678740632493e-05,(2012)
28319,1.5601678740632493e-05,(2003)
28649,1.5601678740632493e-05,(2009)
28896,1.5601678740632493e-05,(2006)
28897,1.5601678740632493e-05,(2006)
2642,1.5601678740632493e-05,(2007)
29031,1.5601678740632493e-05,(2011)
29382,1.5601678740632493e-05,(2007)
29720,1.5601678740632493e-05,(1987)
29756,1.5601678740632493e-05,(1987)
29881,1.5601678740632493e-05,(1983)
30198,1.5601678740632493e-05,(2008)
30252,1.5601678740632493e-05,(2012)
30360,1.5601678740632493e-05,(2012)
2693,1.5601678740632493e-05,(2007)
30673,1.5601678740632493e-05,(2005)
30679,1.5601678740632493e-05,(2005)
30687,1.5601678740632493e-05,(2005)
30693,1.5601678740632493e-05,(2005)
2780,1.5601678740632493e-05,(2008)
31074,1.5601678740632493e-05,(2004)
31079,1.5601678740632493e-05,(2011)
31081,1.5601678740632493e-05,(2009)
31123,1.5601678740632493e-05,(2007)
31128,1.5601678740632493e-05,(2005)
31132,1.5601678740632493e-05,(2005)
31484,1.5601678740632493e-05,(2014)
31590,1.5601678740632493e-05,(2010)
31593,1.5601678740632493e-05,(2010)
32048,1.5601678740632493e-05,(2001)
32197,1.5601678740632493e-05,(2001)
32230,1.5601678740632493e-05,(2004)
32263,1.5601678740632493e-05,(2009)
32335,1.5601678740632493e-05,(1995)
32703,1.5601678740632493e-05,(2012)
32825,1.5601678740632493e-05,(2010)
32931,1.5601678740632493e-05,(1999)
32932,1.5601678740632493e-05,(1999)
32956,1.5601678740632493e-05,(1999)
33111,1.5601678740632493e-05,(2006)
33197,1.5601678740632493e-05,(2008)
33378,1.5601678740632493e-05,(2003)
33485,1.5601678740632493e-05,(2010)
33955,1.5601678740632493e-05,(2009)
3167,1.5601678740632493e-05,(2011)
3193,1.5601678740632493e-05,(2001)
34501,1.5601678740632493e-05,(1980)
34728,1.5601678740632493e-05,(2007)
34826,1.5601678740632493e-05,(2008)
34843,1.5601678740632493e-05,(2011)
34902,1.5601678740632493e-05,(2009)
35036,1.5601678740632493e-05,(2009)
35234,1.5601678740632493e-05,(2007)
35374,1.5601678740632493e-05,(2005)
35891,1.5601678740632493e-05,(2002)
36064,1.5601678740632493e-05,(1994)
36131,1.5601678740632493e-05,(2013)
36133,1.5601678740632493e-05,(2013)
36521,1.5601678740632493e-05,(2002)
36772,1.5601678740632493e-05,(2000)
36877,1.5601678740632493e-05,(2007)
37057,1.5601678740632493e-05,(2011)
37155,1.5601678740632493e-05,(2004)
3583,1.5601678740632493e-05,(2012)
